batch,cell_id,cycle_life,charging_policy,observed_cycles,initial_qd,qd_mean_100,qd_std_100,qd_change_100,qd_slope_100,soh_mean_100,soh_change_100,soh_slope_100,ir_mean_100,ir_std_100,ir_change_100,ir_slope_100,tavg_mean_100,tmax_mean_100,tmin_mean_100,temperature_range_100,chargetime_mean_100,chargetime_std_100,knee_cycle_candidate,first_c_rate,second_c_rate,switch_soc,delta_index_10,delta_index_100,delta_q_mean,delta_q_std,delta_q_min,delta_q_max,delta_q_variance,delta_q_log_variance,delta_q_abs_mean,provided_cycle_life,target_eligible,reason,charge_I_mean_100,charge_I_peak_100,charge_I_qw_100,high_I_time_fraction_100,charge_positive_duration_100,current_cycles_used
Batch1,0,,3.6C(80%)-3.6C,1187,1.072205,1.0759184336734693,0.0012057353455437,0.0052234000000002,1.691964207901468e-05,1.0034633616458322,0.0048716430160279,1.5780230533349525e-05,0.0166197817346938,4.866575356524554e-05,-7.520000000000096e-05,5.233240498405074e-07,31.61722863390495,35.378171938775516,29.348667020408165,6.029504918367347,13.384668843537398,0.042610490631129,761.0,3.6,3.6,80.0,9,99,-0.0028734152246919,0.0031086331827302,-0.0084596429342688,0.0007679306774941,9.663600264771342e-06,-5.014860998019518,0.0029553268326952,1190.0,False,unfinished_or_continuation_unavailable,1.9226479887725358,3.601151772727272,3.1166423559801277,0.0,30.42267999999943,98
Batch1,1,,3.6C(80%)-3.6C,1177,1.0769552999999998,1.0812468797979795,0.0011909795450513,0.0053285,5.535292516999699e-06,1.0039849191493648,0.0049477448135499,5.139760691100416e-06,0.0167508434141414,0.0017014830140608,-4.199100000000164e-05,9.00848801484234e-06,31.33031430692745,34.16065478787879,29.561504050505047,4.599150737373737,13.374696464646446,0.0414906057150237,861.0,3.6,3.6,80.0,9,99,-0.0040996146213451,0.0031118610118146,-0.0110038165966219,-8.800451256757524e-05,9.683678956852016e-06,-5.01395957231477,0.0040996146213451,1179.0,False,unfinished_or_continuation_unavailable,1.9019325693172036,3.601267545454545,3.1059101792878,0.0,30.921588333333297,99
Batch1,2,,3.6C(80%)-3.6C,1175,1.0817747,1.0853711969696969,0.0010255172720119,0.0050181,1.0295625231906744e-05,1.0033246266248388,0.0046387662791522,9.517347033447296e-06,0.0165995949797979,0.0016863731760896,-1.3807000000001096e-05,9.229667458256058e-06,31.47958411321121,34.54464383838384,29.64075872727273,4.903885111111111,13.378886329966337,0.0421573550647322,478.0,3.6,3.6,80.0,9,99,-0.0044867342828869,0.004280555467426,-0.0172163918496444,1.252405183928737e-05,1.8323155109711005e-05,-4.736999718278589,0.0044870752718771,1177.0,False,unfinished_or_continuation_unavailable,1.8697615308831683,3.601158272727272,3.0964573600922973,0.0,31.58811666666685,99
Batch1,3,,4C(80%)-4C,1224,1.08161105,1.08494896969697,0.0010963475152406,0.0050269,1.7136347557209165e-05,1.003086062866101,0.0046476041456863,1.5843354741245626e-05,0.016146156040404,0.0016403715176589,3.858100000000281e-05,8.689379270253483e-06,29.942198807956427,30.662263141414144,29.38564177777777,1.276621363636364,12.053277171717166,0.0422933667165767,890.0,4.0,4.0,80.0,9,99,-0.0074557847000184,0.0060074936491742,-0.0189605397732695,0.0001820400912558,3.608997994486938e-05,-4.442613347243354,0.0074678458205989,1226.0,False,unfinished_or_continuation_unavailable,1.940621586635445,4.001077272727272,3.4207257864530303,0.0,30.421570000000063,99
Batch1,4,,4C(80%)-4C,1225,1.0793795,1.082843531313131,0.0010950287531073,0.004229,1.8994317872609844e-05,1.0032092802514143,0.0039179917721245,1.759744174555759e-05,0.0165005135757575,0.0016765852934398,-5.331399999999875e-05,8.31220397031535e-06,31.44888383416564,34.38251588888889,29.487975303030296,4.894540585858586,12.053313636363642,0.0422906649989468,891.0,4.0,4.0,80.0,9,99,-0.0057500081219601,0.0047438196514703,-0.0139579950936773,4.553514587814266e-05,2.250382488567616e-05,-4.647743641009163,0.005751417009648,1227.0,False,unfinished_or_continuation_unavailable,1.9693816693131552,4.001272363636364,3.4272661863057263,0.0,29.92159500000004,99
Batch1,5,1074.0,4.4C(80%)-4.4C,1072,1.07712635,1.0803274434343435,0.0010474769149627,0.0036528,1.1228400742114224e-05,1.0029718829497984,0.0033912456045662,1.0424404474107392e-05,0.0162703885757575,9.448637333457256e-05,-0.000111867,-1.8453287569578261e-07,30.92149771366389,33.02000678787879,29.24238684848485,3.777619939393939,15.07576803030309,40.991843185157535,920.0,4.4,4.4,80.0,9,99,-0.0110739129797385,0.0081388120300454,-0.0251787789493372,0.0002371112659216,6.624026126041227e-05,-4.17887795674817,0.0110945077663963,1074.0,True,provided_label,2.0445572964170635,4.401230363636364,3.759628165676812,0.0,28.747501666666846,99
Batch1,6,636.0,4.8C(80%)-4.8C,634,1.0778327,1.0809117848484848,0.0011514053246823,0.0034068,-4.808646876938924e-06,1.002856737273312,0.0031607873837935,-4.461403775311214e-06,0.0165072685454545,0.00167733874762,-0.000333346,6.7715181694494954e-06,32.27384521945563,35.79263145454546,29.74772723232324,6.044904222222221,10.04485760942758,0.04386117648401,627.0,4.8,4.8,80.0,9,99,-0.0159650562482748,0.013048513820444,-0.0378860393134797,6.203428184438494e-05,0.0001702637129223,-3.768877897677007,0.0159709135908868,636.0,True,provided_label,2.156287316333783,4.800461,4.086706794533011,0.1810890802661293,27.255099999999707,99
Batch1,7,870.0,4.8C(80%)-4.8C,868,1.09553235,1.0969264323232324,0.0008160083405221,0.0018981,-6.42818800247794e-06,1.0012725158898614,0.0017325823377101,-5.867638689522518e-06,0.0160501414545454,0.0016300785199134,-3.842100000000029e-05,8.39748184291892e-06,31.99008450921703,35.32269474747474,29.58006356565657,5.742631181818182,10.044094528619514,0.0418767311105525,861.0,4.8,4.8,80.0,9,99,-0.0166457272456197,0.0123952976880705,-0.0382333865070744,-0.0001400559993348,0.0001536434047758,-3.8134860745003474,0.0166457272456197,870.0,True,provided_label,2.0366267057790925,4.800372545454545,4.035516761521697,0.16945726848701803,29.338450000000016,99
Batch1,8,,5.4C(40%)-3.6C,877,1.0916926999999998,1.0947719373737377,0.0008728084188628,0.0041610999999999,5.429254174400251e-06,1.0028206081928894,0.0038116037599225,4.973244003920652e-06,0.0167117057070707,6.242931213932121e-05,2.1805999999999215e-05,1.3837452813852594e-06,32.076506270161325,34.45206194949494,30.31709192929293,4.1349700202020205,11.24361163299663,0.04152927768848,870.0,5.4,3.6,40.0,9,99,-0.0128189672320227,0.0099862560117816,-0.030807702259195,8.354872197383133e-06,9.97253091328456e-05,-4.001194604416227,0.0128191743692322,879.0,False,unfinished_or_continuation_unavailable,1.9940737270416018,5.402141909090909,3.7998047919721016,0.14867148923436663,29.867358333333204,99
Batch1,9,1054.0,5.4C(40%)-3.6C,1052,1.08395785,1.0876998484848484,0.0009772024093552,0.0046569999999999,1.8204385899806905e-05,1.0034521623556196,0.0042962925172781,1.6794366957915052e-05,0.0168353652323232,6.66512456127502e-05,-3.366599999999817e-05,9.212573654916147e-07,32.64153361126789,35.98493365656566,30.276260303030305,5.708673353535354,11.24185760942762,0.0410521925589972,1045.0,5.4,3.6,40.0,9,99,-0.0115106005684801,0.0093391674242454,-0.0287244756962299,-3.762094120557906e-05,8.72200481780871e-05,-4.059383672790249,0.0115106005684801,1054.0,True,provided_label,2.0037022552231654,5.4029846363636365,3.819536860824023,0.1503510491124498,29.533788333333604,99
Batch1,10,,5.4C(50%)-3C,904,1.07650055,1.0817046181818184,0.0015792204108333,0.0063648,2.529188002473426e-05,1.0048342457250192,0.0059124911733673,2.3494535162792495e-05,0.0163966556161616,0.0016660243488546,8.308200000000168e-05,9.5932767841682e-06,33.208150668462316,36.87145022222223,30.29658949494949,6.574860727272727,11.688040235690274,0.0415291968108414,897.0,5.4,3.0,50.0,9,99,-0.0106680078437342,0.0097434649397391,-0.0269929319225264,0.0001213150375022,9.493510903192644e-05,-4.022573141912414,0.0106755937039579,906.0,False,unfinished_or_continuation_unavailable,2.0056139026660986,5.409112454545454,3.8384488551372287,0.1893950232411371,29.310348333333486,99
Batch1,11,788.0,5.4C(50%)-3C,786,1.0554555,1.060083885858586,0.0014342920160654,0.0061933,2.1809402597400947e-05,1.0043852022738866,0.0058678930565997,2.0663497984897664e-05,0.0160370841111111,0.0016318292665622,-0.0003035779999999,7.550505739022917e-06,32.75932260623101,36.23175358585859,30.14975682828283,6.081996757575757,11.684114427609464,0.0407113051583239,779.0,5.4,3.0,50.0,9,99,-0.0083782051025299,0.0084440682475085,-0.0236915130336226,0.0005818342431713,7.130228856858242e-05,-4.146896524411297,0.008409509199325,788.0,True,provided_label,1.9887011076843373,5.401635636363636,3.894922213090531,0.19159285209696428,28.976968333333204,99
Batch1,12,,5.4C(50%)-3.6C,900,1.0790143,1.082155223232323,0.0008676591348281,0.0043470999999999,1.2573115646260144e-05,1.0029109190048024,0.0040287695909126,1.1652408727351816e-05,0.0164390562323232,5.4880352616792105e-05,-2.065599999999737e-05,8.569435992577856e-07,33.4580219141428,37.448847525252525,30.39357482828283,7.055272696969697,10.68385405723906,0.0405206602304022,893.0,5.4,3.6,50.0,9,99,-0.0112379583337073,0.0086577427131905,-0.0274388695876881,-8.11255733985716e-06,7.495650888780392e-05,-4.12519064319492,0.0112379583337073,902.0,False,unfinished_or_continuation_unavailable,2.0779349741564763,5.4016876363636355,4.020353775262749,0.19608904032374652,28.311631666666656,99
Batch1,13,,5.4C(50%)-3.6C,895,1.0814757,1.0842732373737374,0.0008261310229366,0.0038567999999998,4.458676561536227e-06,1.0025867778385935,0.0035662382428008,4.122770915273774e-06,0.0170365509494949,7.799949017263714e-05,-1.3330999999998372e-05,1.0355082498453988e-06,32.09216634315908,34.67959250505051,30.020152525252527,4.65943997979798,10.685353013468022,0.0408763783423437,888.0,5.4,3.6,50.0,9,99,-0.0131487343816584,0.0094623012646317,-0.0291370752398165,-0.0001697103218756,8.953514522265102e-05,-4.048006452792147,0.0131487343816584,897.0,False,unfinished_or_continuation_unavailable,2.093390749862744,5.401878363636364,4.013610356223102,0.19724575361602842,28.14524666666791,99
Batch1,14,880.0,5.4C(60%)-3C,878,1.0722955,1.0761029171717171,0.001227002833192,0.0052355000000001,2.6234124922698223e-05,1.0035507163573074,0.0048825160601718,2.4465387500643607e-05,0.0169750018383838,0.0001637752392677,-6.811500000000054e-05,-7.309511441002062e-09,33.07746279993842,36.63094507070707,30.081030757575764,6.549914313131313,14.925935387205389,41.10555043771208,871.0,5.4,3.0,60.0,9,99,-0.0119462182234678,0.0094834220758486,-0.0282939556930506,-9.331125516033449e-06,8.993529426869348e-05,-4.046069835161314,0.0119462182234678,880.0,True,provided_label,2.1130595814405035,5.406369272727272,4.101660809956845,0.240773115305145,27.67158500000029,99
Batch1,15,719.0,5.4C(60%)-3C,717,1.063235,1.0676568858585858,0.001400799907925,0.0066261,2.904936054421284e-05,1.004158897946913,0.0062320183214437,2.7321674459752697e-05,0.0168399864343434,0.0001772071830888,-0.000253296,5.750906988249339e-07,33.147720104395674,37.05618863636363,29.95430322222223,7.101885414141415,14.92770846801342,41.11388030193388,710.0,5.4,3.0,60.0,9,99,-0.0110130893131804,0.0097954738240583,-0.028944554696785,-0.0001293783762438,9.595130743781206e-05,-4.0179490986414095,0.0110130893131804,719.0,True,provided_label,2.121972854956087,5.402218181818181,4.126314099472715,0.24372259794021922,27.338321666665927,99
Batch1,16,862.0,5.4C(60%)-3.6C,860,1.08287165,1.0864695565656566,0.001203283189577,0.0051541999999999,2.3160274582555584e-05,1.003322560495195,0.004759751536574,2.138782983427474e-05,0.0165288622828282,0.0016806319788576,-1.481900000000272e-05,8.855105652442733e-06,32.41716254671688,35.85141423232323,29.8397305959596,6.011683636363636,10.12547436026938,0.0398003128746187,853.0,5.4,3.6,60.0,9,99,-0.0124038061637924,0.0089185276332977,-0.0276066748423711,-9.636798054776952e-05,7.954013514589506e-05,-4.099413669983678,0.0124038061637924,862.0,True,provided_label,2.097272514596522,5.403341818181818,4.19025504864314,0.23650360313099852,28.172488333333362,99
Batch1,17,857.0,5.4C(60%)-3.6C,855,1.07360355,1.0771062363636363,0.0010541182453571,0.0049243000000001,1.7886231292523448e-05,1.003262551026062,0.0045867024191564,1.6659996413497536e-05,0.0166762275353535,0.0001060814931002,2.2162999999998656e-05,1.529045318491073e-06,32.088753858534446,35.43276257575758,29.510072111111107,5.922690464646465,10.13811205387206,0.0417896419649235,848.0,5.4,3.6,60.0,9,99,-0.0133431157573995,0.0103495215796453,-0.0310679671089385,-1.5841950119365806e-05,0.0001071125969275,-3.970159447107843,0.0133431157573995,857.0,True,provided_label,2.091525804598233,5.405752,4.217074629847044,0.23790014204618215,28.005876666666396,99
Batch1,18,691.0,5.4C(70%)-3C,688,1.06710325,1.068100106122449,0.0017050418772144,-0.0016430999999998,-4.754075940036315e-05,1.000934170261827,-0.0015397760244848,-4.455122725973843e-05,0.0179855566836734,0.0019900463104786,-0.003994543,-5.9750661637039016e-05,31.84196934749498,35.414716561224495,29.926281306122448,5.48843525510204,9.925625051020411,0.0411328355967533,682.0,5.4,3.0,70.0,9,99,-0.0207023868033387,0.0149609691504593,-0.0441332154082728,-7.0900211378374265e-06,0.0002238305979209,-3.650080543213559,0.0207023868033387,691.0,True,provided_label,2.197822371783115,5.403771818181818,4.370796853889896,0.29435275492946594,26.409884166667084,98
Batch1,19,788.0,5.4C(70%)-3C,786,1.0866477,1.0883684717171715,0.0007718216160143,0.0019703999999998,-1.0355845392700724e-05,1.001583559894501,0.0018132831827646,-9.530085411036008e-06,0.016324869080808,4.448867431928355e-05,-6.60869999999994e-05,8.96464860853479e-07,33.044085397077396,36.83902758585858,30.129123131313136,6.7099044545454545,9.930255336700304,0.0394706104685032,779.0,5.4,3.0,70.0,9,99,-0.0201062748217697,0.0154898276764379,-0.0458926934265084,2.1077895370541288e-05,0.0002399347614457,-3.6199068256267832,0.0201066456600579,788.0,True,provided_label,2.0917609595954034,5.4018229090909085,4.30367468460465,0.2748537556813893,28.283149999999054,99
Batch1,20,534.0,5.4C(80%)-5.4C,532,1.07410775,1.0698410858585858,0.0041844104195436,-0.0113821999999998,-0.0001397761818181,0.9960277131028854,-0.0105968884406614,-0.0001301323650426,0.015056726030303,0.0015337037521056,-0.000580528,3.818678849721531e-06,32.15292201754506,34.92834715151515,29.96077201010101,4.967575141414142,9.027207626262616,0.0409984038066133,525.0,5.4,5.4,80.0,9,99,-0.0327959830071476,0.0207195965625049,-0.0635804268966032,1.8427258121377196e-05,0.0004293016817129,-3.367237409234227,0.0327964648448622,534.0,True,provided_label,2.2552996470372215,5.404399545454544,4.607338486614875,0.34483722735262706,25.738984999999712,99
Batch1,21,559.0,5.4C(80%)-5.4C,557,1.08404015,1.082226497979798,0.0026137864433469,-0.0057096999999999,-8.178444155844591e-05,0.9983269512478832,-0.005267055837369,-7.544410745158527e-05,0.0149378096060606,0.0015188004787919,-0.000203807,7.496890327767531e-06,33.13697371135653,36.94892544444444,30.249985080808077,6.698940363636364,8.987271380471347,0.0619947217502286,550.0,5.4,5.4,80.0,9,99,-0.0306575771127106,0.0211266663779815,-0.0647202627657549,-3.84488197064381e-05,0.0004463360322465,-3.3503380506265663,0.0306575771127106,559.0,True,provided_label,2.2170717170555703,5.402981181818181,4.570157047714677,0.33451785033445286,26.482893333333777,99
Batch1,22,,6C(30%)-3.6C,889,1.08099815,1.082979815151515,0.0007437449096877,0.0027501999999999,-6.75583426098541e-06,1.001833180890749,0.002544130163405,-6.249626108038804e-06,0.0165919733030303,8.375412013422524e-05,-5.07210000000001e-05,1.2118029189856922e-06,32.84391283877385,36.64192422222223,30.04068875757576,6.601235464646465,11.46291215488218,0.040850253785845,882.0,6.0,3.6,30.0,9,99,-0.0147163713132086,0.0105661230349364,-0.0321471440089913,-0.0001204832637033,0.0001116429559894,-3.95216866925275,0.0147163713132086,891.0,False,unfinished_or_continuation_unavailable,2.0062641471002434,6.002592636363636,3.831864149985322,0.10214766859010552,29.339598333332592,99
Batch1,23,1014.0,6C(30%)-3.6C,1012,1.0809316,1.0824610575757576,0.0006413256985738,0.0023974999999998,-6.950910327772603e-06,1.0014149439018691,0.0022179941820553,-6.430481195813833e-06,0.0168240025858585,8.693802228188712e-05,-9.143999999999123e-06,1.389480457637566e-06,31.99077454717494,34.8727843939394,29.80944408080808,5.063340313131314,11.458691784511789,0.0397021310952407,1005.0,6.0,3.6,30.0,9,99,-0.0133406205123602,0.0095412039288082,-0.0299535169317572,-0.0001079821076742,9.103457241110652e-05,-4.040793638557235,0.0133406205123602,1014.0,True,provided_label,2.0387725690462544,6.001954545454545,3.835340727046322,0.10391839574745385,28.839488333333186,99
Batch1,24,1017.0,6C(40%)-3C,1015,1.0758532500000002,1.0780331868686868,0.000717218855769,0.0030958999999999,2.024258503403737e-06,1.0020262399808588,0.0028776229471816,1.8815377500581637e-06,0.0165874488888888,6.660552611486926e-05,-4.86200000000131e-06,1.5595947186147015e-06,33.378063951824195,36.866496545454545,30.499276616161612,6.367219929292929,12.128487205387223,0.0403875390951435,1008.0,6.0,3.0,40.0,9,99,-0.0138735070132826,0.0107317053008132,-0.0318421340978982,-0.0001502298216001,0.0001151694986635,-3.9386625198856184,0.0138735070132826,1017.0,True,provided_label,2.019215684821868,6.001992636363636,3.8491412437101764,0.1377823584661049,29.007403333333784,99
Batch1,25,854.0,6C(40%)-3C,852,1.0765048,1.078847887878788,0.00073110500813,0.0028093,5.12931354361571e-07,1.0021765698386,0.0026096493020747,4.7647846470823027e-07,0.0165961417979798,6.445863353693237e-05,-1.1263999999996945e-05,1.3856464687692735e-06,33.848557073949294,37.990239878787875,30.579572131313135,7.410667747474746,12.13749808080808,0.0418738502974903,845.0,6.0,3.0,40.0,9,99,-0.0124061930528873,0.0096840180384001,-0.0294411728905654,-9.82594134391011e-05,9.378020536805894e-05,-4.027888815909276,0.0124061930528873,854.0,True,provided_label,2.055670597740865,6.003466545454545,3.849892122169988,0.14022066885925538,28.50452833333354,99
Batch1,26,870.0,6C(40%)-3.6C,868,1.0891754,1.090574287878788,0.0008664365793143,0.0017199000000001,-1.521046134818085e-05,1.0012843550072723,0.0015790845074172,-1.3965116498382272e-05,0.0162854918383838,6.390806061352322e-05,1.2887999999999096e-05,1.6321409894866689e-06,33.15641406115227,36.41381293939394,30.38804886868687,6.025764070707071,10.800664208754249,0.0421054796508179,861.0,6.0,3.6,40.0,9,99,-0.0178501571256248,0.0126587260585586,-0.0383544536324539,-0.000142817829448,0.0001602433454256,-3.795219994075125,0.0178501571256248,870.0,True,provided_label,2.0621570459692875,6.002738272727272,4.055730718599788,0.1389864118727214,28.757098333332884,99
Batch1,27,842.0,6C(40%)-3.6C,840,1.0804401499999998,1.0820360393939392,0.000754620571751,0.0019765,-1.0758799010519626e-05,1.00147707338897,0.0018293470489781,-9.95779267414266e-06,0.0160989066666666,6.684336094274776e-05,3.187999999999802e-05,1.8507288682745969e-06,33.89497000372245,37.51131004040404,30.730024525252528,6.781285515151515,10.803712340067367,0.0418876354145033,833.0,6.0,3.6,40.0,9,99,-0.0155141871466561,0.0118344587431502,-0.0358321196463462,0.0001835965536658,0.0001400544137433,-3.853703196955041,0.0155276625638258,842.0,True,provided_label,2.0588404107434983,6.004104636363636,4.080026771369761,0.13981478534203826,28.588660000000285,99
Batch1,28,860.0,6C(50%)-3C,858,1.07937775,1.0806956292929293,0.0005808473697885,0.0019471999999998,-7.726680272115018e-06,1.0012209620709056,0.001804002352281,-7.158457983878984e-06,0.0166800375454545,7.820330518033147e-05,6.377100000000066e-05,2.073844860853461e-06,33.773800525042,37.491157878787874,30.628645454545453,6.862512424242424,11.138253585858592,0.0418494344941499,851.0,6.0,3.0,50.0,9,99,-0.0166981227551627,0.0119576020578218,-0.0372134803197419,-8.380384514080974e-06,0.0001429842469732,-3.84471180445884,0.0166981227551627,860.0,True,provided_label,2.0902728593637034,6.005377363636363,4.150734607299848,0.17790441541660487,28.087706666666783,99
Batch1,29,917.0,6C(50%)-3C,915,1.0809752,1.0827828212121215,0.0006456219175832,0.0023569999999999,-5.212719851575346e-06,1.0016722133977922,0.0021804385521517,-4.822238152715881e-06,0.0165455236262626,7.677050104955476e-05,1.7818000000002776e-05,1.8976728633271175e-06,32.70415601771739,35.39940990909091,30.431080343434346,4.968329565656566,11.151875336700314,0.0413246687477084,908.0,6.0,3.0,50.0,9,99,-0.0166005234269311,0.0120464518067212,-0.0368684498819182,0.0001462264219859,0.0001451170011316,-3.838281701970357,0.016607171177101,917.0,True,provided_label,2.072680418771218,6.002107090909091,4.1422856446736525,0.1758219770727552,28.421058333333598,99
Batch1,30,709.0,6C(50%)-3.6C,707,1.08151455,1.0828237171717172,0.0008262149778357,0.0015437,-1.6368218923929572e-05,1.0012104942755666,0.0014273501914514,-1.5134534180726512e-05,0.0160094262525252,6.761178454028038e-05,5.842799999999926e-05,1.8543058256030244e-06,33.54008830692456,36.797617333333335,30.65161108080808,6.146006252525252,10.124524292929316,0.0395081846489563,700.0,6.0,3.6,50.0,9,99,-0.0177191221668012,0.0134168446445742,-0.0408153850243965,-5.329710878929265e-05,0.0001800117202166,-3.744699215485718,0.0177191221668012,709.0,True,provided_label,2.141304130069367,6.001725636363636,4.324086651220383,0.18167508142133684,27.505578333333446,99
Batch1,31,876.0,6C(50%)-3.6C,874,1.0963314,1.097068405050505,0.0009821231393733,0.0007101999999998,-2.62010822510796e-05,1.0006722465948754,0.0006477968249379,-2.3898870588841452e-05,0.0168655661414141,5.932845832502889e-05,1.0658000000000197e-05,1.378544131106959e-06,30.375396745150564,30.709141161616163,30.009055646464653,0.7000855151515153,10.126957558922545,0.0402655982045511,867.0,6.0,3.6,50.0,9,99,-0.0179835888032468,0.0129161680810689,-0.0394782064842472,0.0002462515042295,0.0001668273978984,-3.7777326214847866,0.0180051933472254,876.0,True,provided_label,2.130461254073299,6.002592636363636,4.280850993934342,0.17842298291055095,28.005770000000005,99
Batch1,32,731.0,6C(60%)-3C,729,1.0792755,1.0806714494949494,0.0007058238630044,0.0015438,-1.2776272108848686e-05,1.001293413493542,0.0014304040071325,-1.183782278838796e-05,0.0161670642525252,7.648752029957861e-05,5.134400000000178e-05,1.8989050092765184e-06,33.08050304573434,36.23561784848484,30.377384848484855,5.8582329999999985,10.129902676767715,0.0410970812040371,722.0,6.0,3.0,60.0,9,99,-0.0207302738370073,0.0150234007236074,-0.0455662852625746,-5.0009978621518e-05,0.000225702569302,-3.646463495146172,0.0207302738370073,731.0,True,provided_label,2.141929196888252,6.001916363636363,4.454449953571575,0.21870538063331502,27.420793333332888,99
Batch1,33,757.0,6C(60%)-3C,755,1.0942233,1.0954916464646465,0.0009462319167455,0.0012749,-2.1812165739027016e-05,1.001159129461643,0.0011651186736748,-1.993392549676197e-05,0.0164837756565656,6.88292793221264e-05,-1.720699999999825e-05,1.152177823129343e-06,33.67169761442224,37.731304424242424,30.36514987878788,7.366154545454546,10.129993047138068,0.0410879296631463,755.0,6.0,3.0,60.0,9,99,-0.021651569301358,0.0146713879525514,-0.0449017812116827,-5.389082774078465e-05,0.0002152496244542,-3.66705759556901,0.021651569301358,757.0,True,provided_label,2.0969155970190005,6.0022839999999995,4.404727773614915,0.21100196187149373,28.421723333333407,99
Batch1,34,742.0,7C(30%)-3.6C,740,1.07806275,1.0800699888888887,0.0007272870882621,0.0028013,-3.129647495333547e-07,1.0018618942996491,0.0025984572790406,-2.903029063372808e-07,0.016855197080808,7.809430687103169e-05,-2.8376000000000096e-05,1.4302222387136952e-06,32.66455167507311,36.08252629292929,29.988331222222225,6.0941950707070704,11.035507962962974,0.0412827447836364,733.0,7.0,3.6,30.0,9,99,-0.0160803594303168,0.0119039726803407,-0.0372181417488076,0.0001383427434411,0.0001417045655742,-3.848616153944048,0.0160903403948189,742.0,True,provided_label,2.011136512242817,7.002098818181818,4.144528577970971,0.0878758717420344,29.24322166666679,99
Batch1,35,703.0,7C(30%)-3.6C,701,1.07233895,1.0745076737373735,0.0007027143826541,0.0032472000000001,3.195320964752807e-06,1.002022423728406,0.0030281470238493,2.9797676982189595e-06,0.0169670922929292,9.272438704902498e-05,3.243499999999733e-05,2.0468191341992143e-06,32.09733437854189,34.87752171717172,29.81301455555555,5.064507161616161,11.036444074074083,0.0414237922525824,694.0,7.0,3.6,30.0,9,99,-0.018223341654084,0.0129926306365368,-0.0391520343350484,-2.7439033630668216e-05,0.0001688084508574,-3.772605813023324,0.018223341654084,703.0,True,provided_label,2.0733046752183775,7.001405181818181,4.164664636322763,0.09124954634460473,28.16047499999986,99
Batch1,36,704.0,7C(40%)-3C,702,1.0795122,1.0812765595959597,0.0007104421735963,0.0024096,-7.183043908475764e-06,1.0016344044985872,0.0022321192849882,-6.653971959259786e-06,0.0164377462626262,8.584632457759216e-05,8.785199999999938e-05,2.4261424366109324e-06,32.04688205693082,33.970878757575754,30.278352737373737,3.69252602020202,11.554803670033683,0.0401920595638421,695.0,7.0,3.0,40.0,9,99,-0.0210423508580267,0.0146301685218715,-0.0446214059612219,-1.3523853786503152e-05,0.0002140418309783,-3.669501340566928,0.0210423508580267,704.0,True,provided_label,2.0299463954039934,7.001512727272726,4.247337796866077,0.11843763857815383,28.932856666666822,99
Batch1,37,648.0,7C(40%)-3C,646,1.0763613,1.0780300424242424,0.0007605825290446,0.0019871,-9.680958565245865e-06,1.0015503552796283,0.0018461273180296,-8.99415332494975e-06,0.016546422020202,8.254495909935298e-05,6.718000000000002e-05,2.155007705627657e-06,32.95969887229894,36.05156987878787,30.246154101010102,5.805415777777777,11.561455202020229,0.0416125883501047,639.0,7.0,3.0,40.0,9,99,-0.0194368246349165,0.0145556147816234,-0.0445447849576301,-0.0001781185386884,0.000211865921671,-3.673938891265066,0.0194368246349165,648.0,True,provided_label,2.0199126917358985,7.002653636363635,4.255355086725059,0.11810190523334683,29.015736666666633,99
Batch1,38,617.0,7C(40%)-3.6C,615,1.074173,1.075801506060606,0.0006463898758454,0.0020241,-9.43712430427038e-06,1.0015160556638512,0.0018843333429533,-8.785478972447514e-06,0.0162120569696969,8.289505231025246e-05,8.89640000000004e-05,2.4956121335805413e-06,33.69474656343401,37.29856363636363,30.44186774747475,6.856695888888888,10.23158840067342,0.042004109517073,608.0,7.0,3.6,40.0,9,99,-0.0267641938349674,0.0192077242921461,-0.0564155969469958,8.902719902493308e-05,0.0003689366724831,-3.433048172369524,0.026767017827493,617.0,True,provided_label,2.171546816121767,7.009197545454545,4.5107341307322715,0.12725219093291737,26.934604999999767,99
Batch1,39,625.0,7C(40%)-3.6C,623,1.08353305,1.085658998989899,0.0006974026916973,0.0029856000000001,-3.294477427340171e-06,1.0019620527402453,0.0027554304873305,-3.040495559719893e-06,0.0166911045555555,8.849651199908691e-05,9.157099999999864e-05,2.623256042053115e-06,33.50643317156701,37.40386024242424,30.3385617979798,7.065298444444445,10.242025976430943,0.0409470395498872,616.0,7.0,3.6,40.0,9,99,-0.024440041487006,0.0176902161643701,-0.0531439540918114,-6.723912969123124e-05,0.0003129437479421,-3.5045337190652996,0.024440041487006,625.0,True,provided_label,2.094573087062383,7.010054181818181,4.475236098121547,0.12157872866175465,28.184028333333842,99
Batch1,40,966.0,8C(15%)-3.6C,964,1.0850124,1.0869299777777777,0.0007304158641508,0.0024324,-8.20486332715938e-06,1.0017673325924918,0.0022418176971986,-7.5619995929488e-06,0.0166792732121212,7.342050328510565e-05,6.656899999999896e-05,1.9379450340135345e-06,33.45968416375564,37.756139949494944,30.277771616161615,7.478368333333332,12.087224326599337,0.0409798635323899,957.0,8.0,3.6,15.0,9,99,-0.0126288078477035,0.0093841220465291,-0.0290957088162858,-1.2058511917748113e-05,8.806174658415387e-05,-4.055212700223032,0.0126288078477035,966.0,True,provided_label,1.9212881733600484,8.005929454545454,3.756656383891457,0.03649721624613846,30.797106666666025,99
Batch1,41,1051.0,8C(15%)-3.6C,1049,1.0806673,1.082886786868687,0.00066140508839,0.0032071999999998,-1.3855287570256206e-07,1.0020538114447313,0.0029677959164673,-1.282104822613772e-07,0.0167448905050505,6.619902494478516e-05,-9.889999999998511e-07,1.5742043166356526e-06,33.07332253245542,36.8232453030303,30.240961535353534,6.582283767676769,12.091290892255918,0.0416033962086786,1042.0,8.0,3.6,15.0,9,99,-0.0123585685628461,0.0092096476601386,-0.028506291359022,2.218394459089346e-05,8.48176100238975e-05,-4.071513964059167,0.0123591032870353,1051.0,True,provided_label,1.9873607723738107,8.008277181818181,3.7714130504777934,0.03793750309367828,29.630161666666876,99
Batch1,42,702.0,8C(25%)-3.6C,700,1.08175435,1.083889183838384,0.0006395508190474,0.0034095999999999,2.113598021033933e-06,1.001973492261329,0.0031519170687873,1.9538613558822464e-06,0.0167156228383838,9.158742610804196e-05,0.000103314,2.648428027210828e-06,33.58506724391689,37.673212,30.35210961616162,7.321102383838385,11.178124326599384,0.0418953025341294,693.0,8.0,3.6,25.0,9,99,-0.0205992102528132,0.0146917018863526,-0.0447096457287301,-0.0002104370037568,0.0002158461043174,-3.665855783256945,0.0205992102528132,702.0,True,provided_label,2.041407400289876,8.006723545454545,4.216622034474609,0.06489421916735451,28.880031666666525,99
Batch1,43,651.0,8C(25%)-3.6C,649,1.069749,1.070522194949495,0.0008917599141955,0.0005969999999999,-2.401481014224145e-05,1.0007227816520463,0.0005580748381162,-2.2449013873571137e-05,0.0161048555656565,8.747934961279034e-05,0.000127854,2.60147837971548e-06,33.339782658681436,36.82060524242424,30.253967161616156,6.5666380808080795,11.17782324915825,0.0419074363150668,642.0,8.0,3.6,25.0,9,99,-0.0191656267784761,0.0146592065512114,-0.0446058901526373,-3.940573486494126e-05,0.000214892336711,-3.667779069613828,0.0191656267784761,651.0,True,provided_label,2.053496201998589,8.01259818181818,4.25744101533188,0.06622481995923735,28.296704999999683,99
Batch1,44,616.0,8C(35%)-3.6C,614,1.08643345,1.0868420717171718,0.0011324582364728,-5.800000000011352e-05,-3.3615460729745583e-05,1.0003761129751407,-5.338569058244147e-05,-3.0941113539667354e-05,0.0174138499696969,0.0001053027178462,0.000152771,2.926151341991355e-06,32.55333216968653,35.79095866666667,29.951694818181817,5.8392638484848485,10.258049427609434,0.0416097085544603,607.0,8.0,3.6,35.0,9,99,-0.029329092901317,0.0194827383291379,-0.0587970716540376,-0.0001624503544244,0.0003795770928016,-3.4207000036622865,0.029329092901317,616.0,True,provided_label,2.1088986863900425,8.006806818181818,4.654250283231497,0.09357219906478073,28.04626000000014,99
Batch1,45,599.0,8C(35%)-3.6C,597,1.08563255,1.0871594505050506,0.0007692257379954,0.0018719,-1.292005318491748e-05,1.0014064616108374,0.0017242482274504,-1.1900944923687784e-05,0.0166742515858585,0.000106235693271,0.0001503839999999,3.0135811750153332e-06,33.0005473910965,36.69642807070708,29.91254707070707,6.783880999999998,10.257274326599305,0.0415321612163884,590.0,8.0,3.6,35.0,9,99,-0.0288660905211357,0.0193800048834757,-0.0594035099161143,0.0001057172207094,0.0003755845892835,-3.425292234542537,0.0288716110483485,599.0,True,provided_label,2.1256783568843898,8.007753545454545,4.654389252682612,0.09440483903221208,27.796598333334266,99
Batch2,0,477.0,5.2C(58%)-4C,496,1.102657,1.105038492,0.0031350786761728,0.0051921999999999,1.6304494449446432e-05,1.0021597758867895,0.0047088079067199,1.478655143843632e-05,0.01733813236,0.0001221164994388,-9.584600000000013e-05,2.085062718271782e-06,31.807497385473816,35.36194140015722,29.825043061829287,5.536898338327935,10.173261300000108,0.0008388964338309,488.0,5.2,4.0,58.0,9,99,-0.025801000173386,0.0180454452341881,-0.055061277717081,-9.521354407294514e-05,0.0003256380937,-3.487264794967473,0.025801000173386,477.0,True,provided_label,2.038937974841718,5.206971636363636,4.096212905220155,0.22822018517150108,29.209345000000514,99
Batch2,1,491.0,5.6C(26%)-4.5C,513,1.1061165,1.10494644,0.0034263134266403,-0.0056694000000001,-3.32861002100178e-05,0.9989421909898278,-0.0051254998908343,-3.009276166661981e-05,0.01755915909,0.0001794436902438,-0.0007560669999999,-3.933053003300214e-06,33.59830289682961,36.44809667816464,30.607358352831707,5.84073832533293,10.19907416666656,0.0361545967481248,505.0,5.6,4.5,26.0,9,99,-0.0355950076396831,0.0224374923195721,-0.0661147205894651,7.108555611635758e-05,0.0005034410615908,-3.2980513646133844,0.0355992706842516,491.0,True,provided_label,2.6822503891265885,5.605878,4.471098597827881,0.11737285594711744,23.208091666665858,99
Batch2,2,424.0,5.2C(50%)-4.25C,439,1.0748364,1.0746560542,0.0112369360355704,-0.0011276,-4.820387278725063e-06,0.999832210929961,-0.0010490898894007,-4.484763707970806e-06,0.01646341462,0.0001033178308863,-0.000121888,7.26778253825362e-07,33.17756576063981,37.427644510910824,30.782682632197737,6.644961878713094,10.175027650000056,0.0007755685108138,58.0,5.2,4.25,50.0,9,99,-0.025013386420214,0.0186155476590209,-0.0527178185440413,-9.348703145968056e-05,0.0003465386146452,-3.460248363859582,0.025013386420214,424.0,True,provided_label,2.071582883076657,5.203569545454545,4.164089878706176,0.20700830268155337,27.9494816666663,99
Batch2,3,499.0,4.65C(44%)-5C,517,1.0961863,1.101432267,0.0030749105226385,0.004143,7.682116951695325e-05,1.0047856527672347,0.0037794670486213,7.008039556501775e-05,0.01591692555,9.33004666474603e-05,-4.298800000000075e-05,1.2561278907891252e-06,33.93958543884461,38.77312907194259,30.82710532135222,7.94602375059037,10.173197350000049,0.0005967151051334,509.0,4.65,5.0,44.0,9,99,-0.0200898829186987,0.0178598785590997,-0.0558684526115137,-3.60397413177497e-05,0.0003189752621457,-3.496242995613163,0.0200898829186987,499.0,True,provided_label,2.0589556058888348,5.002288818181818,4.058049933288986,0.14844928240461217,28.835728333331645,99
Batch2,4,444.0,4.65C(69%)-6C,464,1.0895668,1.0859578399999998,0.0032304919205107,-0.0078040000000001,-6.734896969696271e-05,0.9966877111160142,-0.007162479620341,-6.181261185359654e-05,0.01619582082,0.0002222638096094,-0.000971809,-5.299308418841867e-06,33.05027186948681,37.43383570894893,30.41205445084792,7.021781258101018,10.231934299999953,0.0165999494951649,456.0,4.65,6.0,69.0,9,99,-0.034781796484889,0.0241961681463353,-0.0702972069008408,0.0001302576240884,0.0005854545529657,-3.2325068114847513,0.034792869133158,444.0,True,provided_label,2.075971765730814,6.000681818181818,4.075061429200574,0.04108278650402272,28.36462999999931,99
Batch2,5,416.0,3.6C(30%)-6C,445,1.0988965,1.088025367,0.0129336980852427,-0.0207150999999998,-0.0001942805022502,0.9901072275687476,-0.0188508198906811,-0.0001767959969389,0.0153065824999999,0.0001909133437472,-0.0008993049999999,-4.162830795079409e-06,33.01550370431462,37.64690458017922,30.5029328023874,7.143971777791822,10.19850721666668,0.0163508896506446,59.0,3.6,6.0,30.0,9,99,-0.0464854046004899,0.0286456801144953,-0.0861500284792774,2.920642290152572e-05,0.0008205749892219,-3.085881723749929,0.0464859422029716,416.0,True,provided_label,2.088210655386972,6.007298545454545,4.315317229174706,0.17880983928900177,28.091528333333553,99
Batch2,6,393.0,3.6C(9%)-5C,409,1.0885617,1.092913134,0.0029628047355596,0.0038654,6.42928268826928e-05,1.003997416039899,0.0035509241230882,5.906217983114165e-05,0.01604186506,0.0001166454894104,-0.000407766,-1.141684428442742e-06,33.81745006948466,39.79549926626684,30.491173015965913,9.304326250300925,10.179292016666745,0.001144367686341,401.0,3.6,5.0,9.0,9,99,-0.020824792460517,0.0171782989638707,-0.0498724789374046,6.053608010545594e-05,0.0002950939552921,-3.530039685030234,0.0208296304640717,393.0,True,provided_label,2.050211432697883,4.999732999999999,4.116688137651672,0.2984184778828944,28.713771666666915,99
Batch2,7,777.0,4.8C(80%)-4.8C-newstructure,806,1.0908798,1.092982529,0.0025127995691672,0.0094857999999999,5.5001032703277326e-05,1.0019275533381404,0.0086955501421879,5.041896706059815e-05,0.0147906000699999,4.2114842915330095e-05,3.4095000000001346e-05,-2.6019795979538105e-08,33.766912217149354,37.14445502401018,30.73845954741821,6.405995476591969,10.035779716666658,0.0010260197647452,798.0,4.8,4.8,80.0,9,99,-0.0088230998347084,0.0076588745336808,-0.0217379799240435,0.0001821576961561,5.865835912266468e-05,-4.23167008250161,0.008867753886646,777.0,True,provided_label,2.1023030169352124,4.804520999999999,4.065778295354709,0.3539423848416373,28.180936666666334,99
Batch2,8,904.0,5.2C(58%)-4C-newstructure,947,1.0906397,1.0901623493,0.0121573225334554,0.0004493999999999,-4.6892879987995e-05,0.9995623204436808,0.0004120517527465,-4.2995757432996834e-05,0.01646674221,5.363174176298225e-05,1.0794000000001467e-05,5.509126852685809e-07,33.59821236744562,35.677756334230715,31.612253667795,4.065502666435696,10.039867333333332,0.000852596088299,59.0,5.2,4.0,58.0,9,99,-0.0112034155800459,0.0088876871700608,-0.0278411109453321,7.99459666896464e-05,7.899098323286501e-05,-4.102422474802714,0.0112223065711663,904.0,True,provided_label,2.058953861028709,5.202921090909091,4.116780448892755,0.23233321065737184,28.693480000000275,99
Batch2,9,791.0,5.6C(26%)-4.5C-newstructure,819,1.097174,1.097482268,0.001879897654633,0.0020636,-2.9646877887787862e-05,1.0002809654621785,0.0018808320284658,-2.7021126902187903e-05,0.01539659944,8.908274796523036e-05,-7.755499999999999e-05,6.905356735674604e-07,32.35755295299843,33.59605648813232,31.370145773910668,2.225910714221655,10.039938566666658,0.002394991008641,811.0,5.6,4.5,26.0,9,99,-0.007446960333569,0.0067264692113935,-0.0197541523253084,0.0076413429414034,4.5245388051825846e-05,-4.344425673063918,0.008102861355073,791.0,True,provided_label,2.091507675881092,5.604116272727272,4.087373139514416,0.09579538419973196,28.43334333333381,99
Batch2,10,492.0,4.8C(80%)-4.8C,519,1.1094496,1.1111485095999998,0.0116045330271939,0.0081035999999998,5.465127200720503e-05,1.0015313084974746,0.0073041623522149,4.925980594991299e-05,0.01706057563,8.597356000475987e-05,-0.0002910549999999,4.9320534053351455e-08,31.720671317513244,34.35420149165315,29.963325235331464,4.3908762563216905,10.169517366666604,0.0118416830151646,58.0,4.8,4.8,80.0,9,99,-0.0295202962995694,0.0188169808682844,-0.0558024498619833,-3.745489361485022e-05,0.0003540787689973,-3.4509001120710128,0.0295202962995694,492.0,True,provided_label,2.0617889144560495,4.802950090909091,4.0362584459122965,0.3346233091052084,28.888678333334003,99
Batch2,11,449.0,5.2C(50%)-4.25C,468,1.0970209,1.101019946,0.0143032853414194,0.0122309999999998,0.0001156470915091,1.0036453690171263,0.0111492862168806,0.0001054192235618,0.01721904361,0.0001858643600831,0.0001483949999999,3.3017054125412407e-06,33.14963101101539,37.949925321805395,30.64642271996024,7.303502601845147,10.17388110000002,0.0010330836077348,57.0,5.2,4.25,50.0,9,99,-0.0240126334676137,0.0180843702307292,-0.0548987559471969,-7.08192254983666e-05,0.000327044446642,-3.4853932196519435,0.0240126334676137,449.0,True,provided_label,1.9849094560660823,5.205317454545454,4.090160308036803,0.19363430581213006,29.873761666666784,99
Batch2,12,466.0,4.65C(44%)-5C,493,1.1023821,1.1041123279999998,0.0021180854894985,0.0056393999999999,3.221619081908934e-05,1.0015695356446734,0.0051156491020671,2.92241599524168e-05,0.0165294125499999,0.0002046374273895,-0.0009415019999999,-4.774210723072201e-06,31.316793895936517,33.597951965213426,30.024718101018316,3.573233864195116,10.17485430000005,0.0008432979385389,485.0,4.65,5.0,44.0,9,99,-0.0393975922721543,0.0260624846135531,-0.0773312434486568,2.5599653875487077e-05,0.0006792531042316,-3.167968367511606,0.0393981179491454,466.0,True,provided_label,2.0693015537707904,5.002229909090908,4.0624289255604165,0.14911202264697354,28.70642333333381,99
Batch2,13,460.0,4.65C(69%)-6C,483,1.0958186,1.094944933,0.0014608041999241,-0.0006758,-1.163021842184424e-05,0.9992027266191684,-0.0006167079113276,-1.0613269770961866e-05,0.01607549433,0.0002361142609893,-0.001021624,-5.745258247824818e-06,31.948019425910115,35.06856349287113,30.131328697947843,4.937234794923287,10.2140922166666,0.0088400272522373,475.0,4.65,6.0,69.0,9,99,-0.0340700221226121,0.0212704236051205,-0.0646744884060953,2.057302958928932e-05,0.0004524309203412,-3.3444477209239154,0.0340711644984118,460.0,True,provided_label,2.033445592022018,6.002259727272727,4.062670676401969,0.03926174968779372,29.173344999999486,99
Batch2,14,426.0,3.6C(30%)-6C,461,1.0844886,1.079302612,0.0035480742375274,-0.0062193000000001,-0.0001013684056405,0.9952180336427696,-0.0057347767417749,-9.34711583326562e-05,0.0162701026,0.0002349406414014,-0.0010097869999999,-4.640707698769854e-06,32.124753255414234,35.20006219179895,30.38301359940932,4.817048592389634,49.482795350000096,392.4467050208045,453.0,3.6,6.0,30.0,9,99,-0.0445557645103633,0.0275892577702437,-0.0837144352028476,-0.0001943753785575,0.0007611671443129,-3.118519965678272,0.0445557645103633,426.0,True,provided_label,2.1128792226043887,6.003157909090909,4.307759081977225,0.18292998686918197,27.620795000000605,99
Batch2,15,396.0,3.6C(9%)-5C,414,1.0697494,1.0749797360000002,0.0030926595215552,0.0084104,9.309728292829446e-05,1.0048893095897038,0.0078620282469894,8.702718873064178e-05,0.0163139075299999,0.0002244089821024,-0.001061855,-4.761042442244134e-06,32.862312590345454,36.06955824939098,31.236260417571927,4.833297831819054,10.17305868333338,0.0144640529402137,406.0,3.6,5.0,9.0,9,99,-0.0241352883526542,0.0174531586560938,-0.0509346763941556,-0.0001025345626408,0.0003046127470747,-3.5162519253509874,0.0241352883526542,396.0,True,provided_label,2.0607110130061628,5.0041199090909085,4.174563597127676,0.3053818405037075,28.047436666665213,99
Batch2,16,472.0,4.8C(80%)-4.8C,499,1.0956542,1.097015996,0.0019885957690061,-0.0015846999999999,-1.377500510050277e-05,1.001242906749228,-0.0014463505000026,-1.2572402041177737e-05,0.01749419094,6.93186277634406e-05,-0.000359286,-7.291041824182287e-07,32.76618715423966,36.98699901212051,30.50878683657871,6.4782121755418025,10.171623783333349,0.0008869861534182,491.0,4.8,4.8,80.0,9,99,-0.0262446524109426,0.0178879060018492,-0.0532543676756424,-0.000188330406305,0.0003199771811309,-3.4948809905173555,0.0262446524109426,472.0,True,provided_label,2.0846045716373993,4.803033272727273,4.059940520427425,0.2752995720085584,28.382351666667574,99
Batch2,17,471.0,5.6C(26%)-4.5C,494,1.0917177,1.093877117,0.0022738666566741,0.0051588999999998,4.06414887488872e-05,1.001977999440698,0.0047254890160705,3.722710435937526e-05,0.01709369671,0.0001208310714402,-0.0005147069999999,-2.2564457785777505e-06,32.98821355652246,34.74856366071168,30.882295758144373,3.8662679025673143,10.181189350000093,0.0174248142943256,486.0,5.6,4.5,26.0,9,99,-0.0243463403874459,0.0177757500853835,-0.0525623965755335,-8.595721552723563e-05,0.000315977291098,-3.50034412709959,0.0243463403874459,471.0,True,provided_label,2.6958003429609483,5.608128636363635,4.508007446199318,0.1205980150068431,22.579254999999833,99
Batch2,18,449.0,5.2C(50%)-4.25C,467,1.0756292,1.082437682,0.0035925633186431,0.0103006000000001,0.0001141627014701,1.0063297668006783,0.0095763484293659,0.000106135740337,0.01664831154,0.0001028521293068,-3.877299999999889e-05,1.599792967296801e-06,32.88628935898336,36.39882808811051,30.679540085829203,5.719288002281308,10.174147266666704,0.0008211860971577,459.0,5.2,4.25,50.0,9,99,-0.0166408911109324,0.0140071129887257,-0.0397456691043013,0.0001160628854996,0.0001961992142789,-3.7073027339627593,0.0166416482643709,449.0,True,provided_label,2.121458424444862,5.202876,4.135322159296192,0.20969933115019537,27.58616333333339,99
Batch2,19,392.0,6C(60%)-3C,411,1.0912853,1.09472128,0.0028602450118968,0.0017738999999998,2.3392277227724923e-05,1.0031485625253085,0.0016255144278034,2.1435528571421753e-05,0.01671897276,8.906312050690061e-05,4.549400000000009e-05,2.3580593579359e-06,32.76991201802439,36.54390200243137,30.491892507845165,6.052009494586204,10.173766266666714,0.0083298128358527,403.0,6.0,3.0,60.0,9,99,-0.0343082077979218,0.0225954501445068,-0.0656517508735375,6.291054244101832e-05,0.0005105543672328,-3.2919580036920606,0.0343105169987194,392.0,True,provided_label,2.062070620896296,6.003362454545454,4.432112049608088,0.20941981204446736,28.63885166666587,99
Batch2,20,489.0,5.2C(58%)-4C,506,1.0977259,1.10005656,0.0021280982151995,0.0065363999999998,2.917883588358451e-05,1.0021231711850838,0.0059544919182465,2.658116737848273e-05,0.0166120606699999,0.0001641273074996,0.0001159939999999,2.564961962196375e-06,33.62225921545461,36.887813024693614,31.431779664897217,5.456033359796395,49.397125683333336,392.2419869688581,498.0,5.2,4.0,58.0,9,99,-0.0244351394515884,0.0190259908826546,-0.0605040880380607,-0.0001968283329512,0.0003619883290668,-3.4413054302106536,0.0244351394515884,489.0,True,provided_label,2.1176356295651906,5.20773109090909,4.113460600028903,0.2379377074764765,28.01654833333353,99
Batch2,21,408.0,6C(60%)-3C,426,1.0985936,1.1010897552,0.0110512911526382,0.0014947,3.593870867086848e-05,1.0022721370304724,0.0013605577167026,3.2713378879026165e-05,0.01720174435,8.599377121903788e-05,6.518499999999885e-05,2.266505364536544e-06,33.59820005445401,38.6518784788995,30.63038708969325,8.021491389206252,10.174718300000022,0.0008553318931564,59.0,6.0,3.0,60.0,9,99,-0.0332885526110049,0.0217100319403696,-0.064467582043982,-0.0001410557885959,0.0004713254868518,-3.326679074277874,0.0332885526110049,408.0,True,provided_label,2.0823054053459713,6.004160090909091,4.4114033540560795,0.20999176227353697,28.559659999998985,99
Batch2,22,,VarCharge-2C-100cycles,919,1.0914657,1.091297357878788,0.0105968328675066,-0.0066660999999998,-1.33339915572317e-05,0.9998457650833992,-0.0061074754799897,-1.2216592383280478e-05,0.021770682,0.0,0.0,-4.842282956569275e-20,34.538968052787986,38.1331703248899,31.26759939247194,6.865570932417965,24.214032037036965,0.0230787575668198,111.0,2.0,,,9,99,-0.0026188163032225,0.0047798652079726,-0.0067791693229939,0.0160368287174845,2.2847111406387513e-05,-4.641168681599286,0.0045528583595219,,False,missing_target,1.5603883284846756,2.000527818181818,1.9363353093796651,0.0,38.22723749999908,98
Batch2,23,,VarCharge-4C-100cycles,1150,1.0904602,1.0854875736363636,0.0163321397195152,-0.0138534999999999,-0.0001183351036941,0.995439882754422,-0.01270426926173,-0.0001085184986065,0.0211608889999999,6.974206569134825e-18,0.0,-7.263424434853912e-20,34.18256730588532,35.52718999123592,31.66529390914952,3.861896082086401,12.213348636363651,0.0228574166221562,65.0,4.0,,,9,99,-0.011590160361131,0.0066354878978553,-0.0192175664913609,0.0003193776168257,4.4029699642585154e-05,-4.356254267293491,0.0116945203723536,,False,missing_target,2.749259422343137,4.002014090909091,3.8142239036650425,0.0,21.92003583333329,98
Batch2,24,514.0,4.8C(80%)-4.8C,536,1.0923017,1.096261652,0.0024487849724112,0.0098768,4.449777617762296e-05,1.0036253280572576,0.009042190449763,4.073762420916229e-05,0.01651723855,0.000185758254841,-0.000188745,1.9915860186020645e-07,33.205124014909316,38.16546466536514,30.265560283329513,7.899904382035636,10.169994666666671,0.0010247656105417,528.0,4.8,4.8,80.0,9,99,-0.0227714797747635,0.015120194088296,-0.0457299743253289,6.422339966413571e-05,0.0002286202692677,-3.64088526617542,0.0227734872968341,514.0,True,provided_label,2.078475709215035,4.803553454545454,4.070786038458812,0.3497115486060726,28.367168333332906,99
Batch2,25,493.0,5.2C(58%)-4C,511,1.098838,1.102206125,0.0024670549917662,0.0082153,3.988503030303342e-05,1.0030651697520472,0.0074763522921486,3.6297461776016014e-05,0.01674229199,0.0002000996520296,-7.652799999999932e-05,1.8675373477347896e-06,32.23892710270436,34.441815154393964,30.6277075122937,3.81410764210026,10.172937516666645,0.0008356600681943,503.0,5.2,4.0,58.0,9,99,-0.0236109824444173,0.0170907465974417,-0.0505084648903096,-4.5340619104201576e-05,0.0002920936192579,-3.5344779285349004,0.0236109824444173,493.0,True,provided_label,2.139503026341942,5.206281454545454,4.1078169275658585,0.24042877215799022,27.72863500000094,99
Batch2,26,450.0,5.6C(26%)-4.5C,476,1.1050026,1.1041737820000002,0.0021535162519353,0.001711,-1.22590411041043e-05,0.9992499402263852,0.0015484126462689,-1.109412874151943e-05,0.01770844381,0.0002019428025893,-0.000904836,-4.942493279327946e-06,33.76445582326918,36.92304607129649,30.617511580478908,6.305534490817579,49.42568144999996,392.2924657865388,468.0,5.6,4.5,26.0,9,99,-0.0380385416540002,0.0244891209460468,-0.0733087791289827,-1.461487027885509e-05,0.0005997170447101,-3.222053607069115,0.0380385416540002,450.0,True,provided_label,2.5165243433218083,5.603290909090909,4.432424751224045,0.10898722321333693,24.988938333333742,99
Batch2,27,474.0,5.2C(50%)-4.25C,493,1.0942627,1.098470285,0.0027889304439673,0.0111855999999999,8.4661474347446e-05,1.0038451324348348,0.0102220426594089,7.73685097257124e-05,0.01758962648,8.827384699022782e-05,0.000118803,2.1585500630063483e-06,33.303981946117254,38.082671612305006,30.52287757751509,7.55979403478992,10.174639799999882,0.0006689179277847,485.0,5.2,4.25,50.0,9,99,-0.0246839278022425,0.0180675049989355,-0.0544912575606593,-3.926139249814915e-05,0.0003264347368865,-3.4862036315673923,0.0246839278022425,474.0,True,provided_label,2.094074185904918,5.205147454545455,4.102295832280822,0.2053705721907817,28.17105166666636,99
Batch2,28,437.0,4.8C(80%)-4.8C,456,1.0899123,1.094977019,0.0025847564867306,0.0122481,6.0277505550562045e-05,1.0046469050766746,0.0112376931611837,5.530491357016565e-05,0.01628117509,0.0001607423437423,-0.000745851,-2.979177767776723e-06,32.14418070388791,35.3302582161644,30.272878608768973,5.05737960739543,49.409072166666576,392.3562701523469,448.0,4.8,4.8,80.0,9,99,-0.0279893325926623,0.0194220208243527,-0.0564913867827732,-1.6725146193166066e-05,0.0003772148929015,-3.4234111679718877,0.0279893325926623,437.0,True,provided_label,2.080053256083294,4.801167545454545,4.079937102699672,0.022179744084535165,28.230588333332953,99
Batch2,29,452.0,5.2C(58%)-4C,470,1.1028264,1.109943851,0.0037825980172495,0.0141458,0.0001213819867986,1.0064538271844052,0.0128268601477077,0.0001100644551115,0.01673359061,8.104000104673263e-05,4.043199999999997e-05,2.247268580858275e-06,31.797456695109688,34.43331396225578,30.214310577836617,4.219003384419164,10.173061883333313,0.0007849502853474,462.0,5.2,4.0,58.0,9,99,-0.0253222323765719,0.0176147267465388,-0.0526335295361444,-7.556575465258704e-05,0.0003102785983552,-3.5082481776947425,0.0253222323765719,452.0,True,provided_label,2.0292725384916976,5.2051336363636365,4.08989166355985,0.2268304922990828,29.388494999997782,99
Batch2,30,412.0,5.6C(26%)-4.5C,429,1.0950533,1.092999151,0.0034578807793416,-0.0020607999999999,-8.347699429943102e-05,0.998124156148381,-0.0018819175285804,-7.623098738612027e-05,0.0168940669499999,0.0002651240184246,-0.0011972609999999,-7.169706504650379e-06,33.81003990939852,37.33979500154215,30.364018950735986,6.975776050806164,49.43361824999998,392.3199147752482,421.0,5.6,4.5,26.0,9,99,-0.0396558894899704,0.0255443714236007,-0.0755230365113099,1.6768799842831208e-05,0.0006525149114268,-3.185409558609304,0.039656648307973,412.0,True,provided_label,2.5219649256323144,5.604275818181818,4.422849241995795,0.10998541561721913,24.761646666667367,99
Batch2,31,425.0,5.6C(26%)-4.5C,446,1.0989966,1.099834485,0.0017869538487184,0.0026558999999999,3.9730585658565726e-05,1.0007624090920757,0.0024166589778348,3.615169115043103e-05,0.01633070732,0.0002291010914877,-0.000608914,-3.8392345514549584e-06,33.375923495204454,35.648417823524284,31.050826015479252,4.597591808045039,10.194311699999949,0.0321189385500709,438.0,5.6,4.5,26.0,9,99,-0.0306244567640429,0.0210775721334964,-0.0642288335820835,0.0004689860046967,0.0004442640470427,-3.3523588305097505,0.0307385726230291,425.0,True,provided_label,2.51072335446754,5.603474727272727,4.4300096115961,0.10886482367036049,25.0170216666651,99
Batch2,32,809.0,4.8C(80%)-4.8C-newstructure,834,1.0884297,1.090031214,0.0030403300117599,-0.0009959999999999,-5.3067630363030246e-05,1.001471398658085,-0.0009150797704252,-4.875613956788888e-05,0.01481114372,0.0001571497371635,-4.088100000000129e-05,-2.801334053404968e-07,32.16783240841186,33.94412444996172,30.536394337534645,3.407730112427071,49.27513175000007,392.3414198580286,826.0,4.8,4.8,80.0,9,99,-0.0133899398336471,0.0085954164343964,-0.0274612065130356,-5.814087009912289e-05,7.388118368069333e-05,-4.131466149288064,0.0133899398336471,809.0,True,provided_label,2.125721613896457,4.800376909090909,4.068777887681406,0.0035206232861959433,27.76958833333289,99
Batch2,33,1140.0,5.2C(58%)-4C-newstructure,1190,1.0736533,1.0706076800000002,0.0149529767169543,-0.0036490999999998,-0.0001226232955295,0.9971633114712172,-0.003398769416533,-0.0001142112593791,0.01499290727,3.3153621995664615e-05,-0.000175144,-7.70360696070109e-08,32.73895611525105,34.29814806747137,31.026488085928023,3.271659981543347,10.039557949999924,0.0019972891400116,66.0,5.2,4.0,58.0,9,99,-0.0115795410077861,0.0076592428589102,-0.0240847421362162,0.0023936440985986,5.866400117176798e-05,-4.231628311934667,0.0116426516657693,1140.0,True,provided_label,2.2306096029472227,5.206784363636363,4.161585704818066,0.25454017865895234,26.18546000000012,99
Batch2,34,1186.0,5.6C(26%)-4.5C-newstructure,1252,1.0674114,1.0671250090000002,0.0020888035316799,-0.0019317999999999,-5.249918571856516e-05,0.9997316957641637,-0.0018097989210157,-4.918364720347939e-05,0.01495435383,4.524328257657856e-05,-0.0001560629999999,1.3299653765385964e-07,35.66583614425341,38.96627418693022,31.815152342144852,7.151121844785364,49.2812586666667,392.4083346475344,1244.0,5.6,4.5,26.0,9,99,-0.008120054579074,0.0059663319597638,-0.0191429496439993,0.0013340518865872,3.5597117054099105e-05,-4.448585161124481,0.0082026970220624,1186.0,True,provided_label,2.2491269600200363,5.606516090909091,4.163695642061453,0.10538783065504448,25.84641333333372,99
Batch2,35,,VarCharge-6C-100cycles,422,1.0688332,1.0463890329292929,0.0200330672635296,-0.0391916999999999,-0.0004339473937446,0.979001244468541,-0.0366677419825656,-0.0004060010427676,0.0206665209999999,6.974206569134825e-18,0.0,-7.263424434853912e-20,36.55634947947415,38.38423158409529,32.83748390567109,5.546747678424191,8.094584528619519,0.0291643906498326,75.0,6.0,,,9,99,-0.0448212443045177,0.0245779422572006,-0.0757084076580606,0.0002125234038513,0.0006040752455982,-3.2189089601421244,0.0448459489358081,,False,missing_target,3.4582213769680257,6.002620318181818,5.552499440161261,0.5136745385081596,16.576290833333285,98
Batch2,36,,VarCharge-8C-100cycles,279,1.0721406,1.033608334040404,0.02529909620623,-0.0688134999999998,-0.0007776289280766,0.96406043576785,-0.0641832796929803,-0.0007253049908535,0.02033557,0.0,0.0,0.0,38.6350850740295,41.411089660569594,33.38276012808387,8.028329532485724,6.76011006734009,0.1753893731422693,78.0,8.0,,,9,99,-0.0844287653143593,0.0454507543171913,-0.1360257368450053,6.1084408759602e-06,0.0020657710680016,-2.684917809136924,0.0844288147244968,,False,missing_target,3.7646926985906815,8.00907309090909,6.632024694239735,0.4635534623903488,15.070612500000182,98
Batch2,37,,3.6C(80%)-3.6C(SLOWCYCLE,99,1.0836084,1.084186890808081,0.0087047014143541,0.0019839999999999,3.97217105750656e-06,1.0005338559650154,0.0018309197307808,3.665688691145688e-06,0.0171408519393939,7.649629254759286e-05,-1.6993999999999343e-05,7.457625726653901e-07,32.955732087235326,38.01148202153983,30.263072004799863,7.748410016739959,13.504266599326744,0.0003472471852361,58.0,3.6,3.6,80.0,9,99,-0.0029820466170849,0.0041180778900828,-0.0286817433780755,4.525363294785714e-05,1.695856550878882e-05,-4.7706108610200015,0.0029833160464743,,False,missing_target,1.88644568813322,3.6010143636363634,3.104126750632394,0.0,31.20458749999962,98
Batch2,38,,4.8C(80%)-4.8C(SLOWCYCLE,99,1.0845771,1.0841007454545453,0.0022959871424777,-0.0014328999999999,-5.042088311688631e-05,0.999560792362798,-0.0013211601093181,-4.648898000602087e-05,0.0164941331111111,9.373982383877323e-05,-0.0003767649999999,-1.8322448855906224e-06,33.55951448791293,400.0,-270.0,670.0,10.168121700336744,0.0117385108179417,60.0,4.8,4.8,80.0,9,99,-0.0131482097119456,0.0078041367858267,-0.036149525403572,-0.0001613130085756,6.0904550971894e-05,-4.215350247229235,0.0131482097119456,,False,missing_target,2.0717968675574454,4.8106539999999995,4.090504879622267,0.3510623937633308,28.350674166666916,98
Batch2,39,,3.6C(9%)-5C(SLOWCYCLE,433,1.0724287,1.0712660404040404,0.0024948627530415,-0.0027049999999999,-6.795135188621046e-05,0.998915863035035,-0.0025223122059302,-6.336211618191208e-05,0.0167282115555555,0.0001355202120834,-0.0007005469999999,-3.7607993073592256e-06,32.91071348309439,37.61205687575825,30.182634892413738,7.429421983344503,10.17340101010094,0.0148529039700482,426.0,3.6,5.0,9.0,9,99,-0.0345530196501599,0.0208309105184666,-0.0609517978351833,-0.0001908517693426,0.0004339268330283,-3.362583492276641,0.0345530196501599,,False,missing_target,2.123981081928606,5.0022020909090905,4.163401674714751,0.3132222843238157,27.33844583333363,98
Batch2,40,,5.2C(58%)-4C(SLOWCYCLE,458,1.0843401,1.0855554797979796,0.0014795504102687,0.0025097,-1.3846138528154048e-05,1.0011208474149207,0.0023144952400082,-1.2769184251452858e-05,0.0,0.0,0.0,0.0,32.4890729516129,36.690344673119306,30.069099110568462,6.621245562550842,49.79707574074077,394.25326799289206,451.0,5.2,4.0,58.0,9,99,-0.0254758308282517,0.0158568296962264,-0.0481632102205803,-3.467626324198292e-05,0.0002514390480151,-3.599567274562317,0.0254758308282517,,False,missing_target,2.0634699122381845,5.2034985,4.138338851113133,0.23410185597930122,28.479815833332882,98
Batch2,41,442.0,5.6C(26%)-4.5C,463,1.1050262,1.105940476,0.0017710111313306,0.0043633999999999,2.4216604860487783e-05,1.0008273794775182,0.0039486846556217,2.191495989912899e-05,0.0,0.0,0.0,0.0,30.20099354305731,32.73893316284874,28.926449197239513,3.812483965609224,49.423369649999984,392.3434027286914,455.0,5.6,4.5,26.0,9,99,-0.0377682914957012,0.0259308704176225,-0.0809310492448376,-4.634485615290677e-05,0.0006724100406155,-3.17236580953112,0.0377682914957012,442.0,True,provided_label,2.5322699998057523,5.605257181818181,4.428856878959985,0.109181676354557,24.955853333333405,99
Batch2,42,474.0,5.2C(50%)-4.25C,497,1.1026245,1.1070860530000002,0.0034437860589017,0.0107353000000001,8.59611647164716e-05,1.0040463031612306,0.0097361341054911,7.796050669695584e-05,0.0,0.0,0.0,0.0,31.71041325336692,35.56989042695383,29.68803081683075,5.881859610123078,10.175117383333331,0.0009387285517744,489.0,5.2,4.25,50.0,9,99,-0.0293407149263684,0.0181428778240058,-0.0541676249706457,-3.450833605905964e-05,0.0003291640157368,-3.48258764668815,0.0293407149263684,474.0,True,provided_label,2.0238930152272165,5.203385818181818,4.087544243669622,0.19740655145458205,29.311294999998065,99
Batch2,43,1029.0,4.8C(80%)-4.8C-newstructure,1061,1.1001345,1.098649702,0.0032152642943969,-0.0006247000000001,-6.995087428742697e-05,0.9986503486619136,-0.0005678396596053,-6.358392931720982e-05,0.0,0.0,0.0,0.0,33.91860336356293,36.959106807008,30.858251918038107,6.100854888969893,10.036757000000032,0.0010470021337217,992.0,4.8,4.8,80.0,9,99,-0.0077783483513934,0.0073132266919484,-0.0191648421122405,0.0101305068381667,5.3483284647826735e-05,-4.271781920503377,0.0087937144658571,1029.0,True,provided_label,2.1195137573551306,4.802839090909091,4.044886657054744,0.3534132200972029,28.095193333333498,99
Batch2,44,841.0,5.2C(58%)-4C-newstructure,874,1.0977726,1.09763018,0.0012841757230522,-0.0002775000000001,-2.3820940894082734e-05,0.9998702645702764,-0.0002527845930934,-2.1699340003641388e-05,0.0,0.0,0.0,0.0,33.956934554468496,36.87556475443348,30.996439284497846,5.879125469935642,49.26516493333332,392.24665304054514,866.0,5.2,4.0,58.0,9,99,-0.0087505726171709,0.0065726160020366,-0.0203022776205166,0.0001067002640069,4.3199281110227894e-05,-4.36452347027206,0.0087608953225246,841.0,True,provided_label,2.12155943927945,5.203080636363636,4.1021265772784234,0.23794775135289162,28.019736666666965,99
Batch2,45,997.0,5.6C(26%)-4.5C-newstructure,1027,1.1030351,1.10123867,0.008315637384446,-0.0036557999999999,-7.502379357935778e-05,0.9983713754893204,-0.0033143097622188,-6.801578080275896e-05,0.0,0.0,0.0,0.0,35.27071288818467,37.86716134641493,32.53611370150211,5.3310476449128235,10.040191283333298,0.0025555185423383,60.0,5.6,4.5,26.0,9,99,-0.0111576662855855,0.0081732075105651,-0.0266704187870865,4.7618008762400016e-05,6.680132101075869e-05,-4.17521494266972,0.0111630662928567,997.0,True,provided_label,2.1190396980745807,5.603231909090908,4.075805586545664,0.09665045793669275,28.178095000000027,99
Batch2,46,503.0,4.8C(80%)-4.8C,523,1.100943,1.1025293669999998,0.0023280613956314,0.0005484,2.09946288628969e-05,1.001440916559713,0.0004981184311995,1.906967832383921e-05,0.0,0.0,0.0,0.0,29.88032329687331,31.00932954761403,28.649046044450714,2.3602835031633216,49.40651875000001,392.36704894913146,515.0,4.8,4.8,80.0,9,99,-0.0228342986319132,0.0176020168984138,-0.0528624050082824,0.0021619334239458,0.000309830998892,-3.508875131416986,0.0230495166997201,503.0,True,provided_label,2.0509943828573634,4.806050363636363,4.048647405396911,0.3421943512979624,28.960013333333578,99
Batch3,0,1009.0,5C(67%)-4C-newstructure,1008,1.0682849,1.070348299,0.0007528879114255,0.0028815999999998,-2.92187158715668e-06,1.0019315062863847,0.0026974077795163,-2.73510520195084e-06,0.01523784218,4.048215073472116e-05,-0.000164299,-2.6974192619253713e-07,32.194399649744255,33.5588901505872,30.85547991599191,2.7034102345952915,10.042618066666668,0.0015539663729504,1000.0,5.0,4.0,67.0,9,99,-0.0101021773936911,0.0075412365689621,-0.0233116574274743,4.195191073483144e-05,5.687024898905241e-05,-4.24511486268106,0.0101107364520587,1009.0,True,provided_label,2.1693510658619353,5.005742818181818,4.1134326892954025,0.29485424909339647,27.11709833333346,99
Batch3,1,1063.0,5.3C(54%)-4C-newstructure,1062,1.0661838,1.0676866939999998,0.000784545664162,0.0022538,-1.2204248424842236e-05,1.0014096012338587,0.0021138944335864,-1.1446664660296136e-05,0.0149863964799999,4.4767972329721926e-05,-0.000109087,1.577923552356851e-07,34.83064985952504,37.98597183780659,31.576434763047924,6.409537074758673,10.04138999999994,0.0007658119229454,1054.0,5.3,4.0,54.0,9,99,-0.0096210189293608,0.0071982784898755,-0.0223241775540682,-0.0001521155402265,5.181521321780508e-05,-4.285542702017519,0.0096210189293608,1063.0,True,provided_label,2.2063201067922558,5.304062545454545,4.162853145659554,0.2312254479394663,26.590181666666467,99
Batch3,2,1267.0,5.6C(19%)-4.6C-newstructure,1266,1.0610899,1.062052784,0.0007679876801831,0.0006131,-1.8553947794782535e-05,1.0009074480871036,0.0005778021259084,-1.7485745359360732e-05,0.0146215221399999,8.712250495849412e-05,-0.000436999,-1.5768989858985911e-06,36.78314566494338,40.51615446500352,32.35957233371234,8.156582131291174,10.043666483333295,0.00099697583956,1258.0,5.6,4.6,19.0,9,99,-0.0026131423354832,0.0040767089333686,-0.0086480383416137,0.010524237005879,1.6619555727408117e-05,-4.779380563789448,0.0039609848629265,1267.0,True,provided_label,2.233933921846318,5.603575272727273,4.138988862832446,0.07653046393473967,26.087541666667192,99
Batch3,3,1115.0,5.6C(36%)-4.3C-newstructure,1114,1.0632294,1.064629226,0.000651929029511,0.0013210000000001,-1.0865450945095464e-05,1.001316579470056,0.0012424411890793,-1.0219291288489563e-05,0.0149994498499999,3.052082231452893e-05,0.0001140999999999,6.804222202221108e-07,36.08627496168611,39.44593354194349,32.171123894967494,7.274809646975992,10.041506500000024,0.0010228478131466,1106.0,5.6,4.3,36.0,9,99,-0.0107054143527131,0.0087437174440967,-0.0268366147351127,7.254636391688842e-05,7.645259474220121e-05,-4.116607764700625,0.0107208378973826,1115.0,True,provided_label,2.2340247741820973,5.610282181818182,4.17336436112355,0.14684058032306296,26.168256666666515,99
Batch3,4,1048.0,5.6C(19%)-4.6C-newstructure,1047,1.0730443,1.074509803,0.000560634394714,0.0021175000000002,-3.416277827774978e-06,1.0013657432409826,0.0019733574839363,-3.183724873034523e-06,0.0151307879299999,3.534218388416486e-05,-0.000117998,-5.563515751564656e-08,32.116221938163385,32.98179311458605,31.17282149149544,1.808971623090592,10.04558156666669,0.0010524080349945,1039.0,5.6,4.6,19.0,9,99,-0.0101064388689067,0.0081426761691504,-0.024810275761238,-4.890704243583474e-05,6.630317519564988e-05,-4.17846566659969,0.0101064388689067,1048.0,True,provided_label,2.1446096862022914,5.600377818181818,4.099423963674164,0.07258569518597968,27.50971333333388,99
Batch3,5,828.0,5.6C(36%)-4.3C-newstructure,827,1.0520495,1.053126149,0.0007147824783898,0.0017935999999998,-1.370389858985598e-05,1.001023382454913,0.001704862746477,-1.3025906661101595e-05,0.01518448037,4.928189199881563e-05,-0.0001619269999999,-3.488462346233869e-07,35.55673795797331,39.68760790232446,32.254503564794796,7.433104337529661,10.042033966666736,0.0007294354157977,819.0,5.6,4.3,36.0,9,99,-0.0114457654376924,0.0087657284489029,-0.0254450982463654,0.0002130787292885,7.683799523990656e-05,-4.114423969074506,0.0115110146761396,828.0,True,provided_label,2.21411313256179,5.607747181818182,4.205031020040211,0.1472358909347466,26.1040300000003,99
Batch3,6,667.0,3.7C(31%)-5.9C-newstructure,666,1.0629802,1.053842363,0.0058461922128015,-0.0182448000000001,-0.0002012959261926,0.9914035680062528,-0.0171638192320047,-0.0001893694032989,0.0137285242899999,8.474084859554353e-05,0.0003303209999999,2.718015091509162e-06,34.106830623582404,36.9848547328634,31.417573055289672,5.567281677573717,10.080800200000038,0.0171813604929775,562.0,3.7,5.9,31.0,9,99,-0.0285175611004537,0.0172641779375937,-0.0532016465912453,0.0002572058476403,0.0002980518398608,-3.5257081914883814,0.0285833754302791,667.0,True,provided_label,2.240294494600114,5.9003275454545445,4.340545649352977,0.19438422200606864,25.87429833333347,99
Batch3,7,1836.0,4.8C(80%)-4.8C-newstructure,1835,1.0682656,1.070140345,0.0007304149319414,0.0020049000000001,-8.463786378618645e-08,1.0017549427782757,0.0018767804560965,-7.922923267139285e-08,0.01542963463,3.567260034886149e-05,-6.503899999999938e-05,1.652641404140854e-07,32.796573540122225,34.274365488315254,31.24740423221992,3.026961256095334,11.040715933333365,0.0059599549996661,1827.0,4.8,4.8,80.0,9,99,-0.0070377790148798,0.0056967728898032,-0.0170590218350703,0.0001661247197757,3.2453221357996856e-05,-4.488742174585739,0.0070860304726872,1836.0,True,provided_label,2.0500178587822275,4.367426090909091,3.710021974168792,0.0,28.855505000000026,99
Batch3,8,828.0,5C(67%)-4C-newstructure,827,1.0656182,1.067962636,0.0007974633129232,0.0033654,-6.291857185775888e-07,1.0022000712825665,0.0031581667805598,-5.904419787136042e-07,0.01525563959,4.4426297735766425e-05,-0.00021989,-6.531397359735735e-07,33.054603185105975,35.07631520700576,31.2604148128064,3.8159003941993546,10.043265533333384,0.0010276212515197,819.0,5.0,4.0,67.0,9,99,-0.011806368426415,0.0089970083031123,-0.0268489706128323,3.896464001430355e-06,8.094615840627263e-05,-4.091803752077147,0.0118063923009216,828.0,True,provided_label,2.1274763674389328,5.002715363636363,4.095819711517142,0.2879543194111439,27.763238333333476,99
Batch3,9,1039.0,5.3C(54%)-4C-newstructure,1038,1.0703384,1.072814416,0.0007420405376658,0.0040773,3.316146414642196e-06,1.0023133020360662,0.0038093559943286,3.098222407632949e-06,0.01579997208,3.987125435564482e-05,-6.358500000000142e-05,3.912950135013527e-07,33.087905551872936,35.094569899072255,31.303494031086696,3.791075867985551,10.041160733333347,0.002876414309003,1030.0,5.3,4.0,54.0,9,99,-0.014478011810756,0.0102059050479444,-0.0295752747869662,-0.0001719822125222,0.0001041604978476,-3.9822969488386137,0.014478011810756,1039.0,True,provided_label,2.104762141108686,5.302994454545455,4.123248504022692,0.21819664691210927,28.178305000000787,99
Batch3,10,1078.0,4.8C(80%)-4.8C-newstructure,1077,1.0624784,1.0643435529999998,0.0006987887962096,0.001516,-7.091407140683198e-07,1.0017554738053966,0.0014268525364845,-6.674401230851041e-07,0.01537472673,4.0715631786760385e-05,-0.0001311379999999,-1.9171252925294363e-07,32.534149378796045,34.79030485135325,30.686842227680348,4.103462623672898,11.039600116666676,0.0057488616901671,1069.0,4.8,4.8,80.0,9,99,-0.0083351835824898,0.0062276190432294,-0.0190930258852295,-6.962870536587714e-05,3.878323894759448e-05,-4.411355912828583,0.0083351835824898,1078.0,True,provided_label,2.087884621675592,4.36661809090909,3.7258576502542513,0.0,28.17703500000013,99
Batch3,11,817.0,5.6C(19%)-4.6C-newstructure,816,1.0686512,1.069802646,0.0007736087197,0.0009746999999999,-1.5670276627662075e-05,1.0010774759809375,0.0009120843171279,-1.4663602705595713e-05,0.01552572104,2.5696915956887715e-05,-6.686699999999823e-05,-1.4658301830118672e-08,34.2024404879238,37.60510592572477,31.36979369280388,6.235312232920887,10.042450400000046,0.0011386588366349,808.0,5.6,4.6,19.0,9,99,-0.0156206911756534,0.0114166692075758,-0.034087374997818,0.0001621390525086,0.0001303403357952,-3.884921161136087,0.0156469782026673,817.0,True,provided_label,2.1155685719808033,5.60397409090909,4.0901454546427125,0.07142746380489043,27.94402666666719,99
Batch3,12,932.0,5.6C(36%)-4.3C-newstructure,931,1.0748765,1.076303704,0.0005934234812211,0.0023664999999999,-4.599332733274451e-06,1.001327784168693,0.0022016482823841,-4.278940634825226e-06,0.01604917654,3.5778552402925576e-05,-8.292099999999969e-05,2.9435253525351105e-07,33.219414908227094,35.53857274944269,31.227008252970094,4.311564496472604,10.042451699999964,0.0007172180159539,923.0,5.6,4.3,36.0,9,99,-0.0153148930636195,0.0106317562607966,-0.0317349217881972,-0.0001009432193422,0.0001130342411889,-3.946789972968039,0.0153148930636195,932.0,True,provided_label,2.1244727600189584,5.602864363636363,4.1133781773507385,0.13720630097517764,28.01323000000023,99
Batch3,13,816.0,5.6C(19%)-4.6C-newstructure,815,1.0665193,1.0686685349999998,0.0009193411989439,0.0031020999999999,-9.14420822082094e-06,1.0020151862230715,0.002908620594114,-8.573879742093168e-06,0.01512986131,4.1171014057699614e-05,-0.0001531259999999,-9.506442544254408e-07,34.11454602993669,37.22804076197745,31.32236126459004,5.905679497387407,10.042356366666644,0.0009707524352937,807.0,5.6,4.6,19.0,9,99,-0.0117654801974339,0.0089694694984065,-0.0276460839609007,-0.000139770918514,8.045138308284514e-05,-4.094466479913349,0.0117654801974339,816.0,True,provided_label,2.1209193851604975,5.603065454545454,4.091877277454642,0.07164169139905925,27.863741666666954,99
Batch3,14,858.0,5.6C(36%)-4.3C-newstructure,857,1.0742604,1.0769619220000002,0.0009381089817997,0.0047645,7.699434743477165e-06,1.0025147738853633,0.0044351444026047,7.167195908434829e-06,0.01555350093,3.630991987234982e-05,-0.000118433,-8.697320732069553e-08,33.1189634917196,35.485201171755136,31.07161611610717,4.413585055647966,10.041865466666687,0.00081349535694,849.0,5.6,4.3,36.0,9,99,-0.0132035573326509,0.0100038265352993,-0.0292823603627372,8.776909781326705e-05,0.0001000765453483,-3.999667690602108,0.0132142476910731,858.0,True,provided_label,2.090719331029971,5.6035509999999995,4.110708106462399,0.13502417087170884,28.45815166666677,99
Batch3,15,876.0,5.9C(15%)-4.6C-newstructure,875,1.0689965,1.07051888,0.0006987989154559,0.0015969,-9.567125112510338e-06,1.0014241206589545,0.0014938308965464,-8.949631839304996e-06,0.0153073857799999,3.206034164502233e-05,-0.000116291,-3.132483168316668e-07,33.50890495011492,36.80312790291116,30.876434652942404,5.926693249968759,10.04163998333339,0.000848563071913,867.0,5.9,4.6,15.0,9,99,-0.01334033083158,0.0099921234050067,-0.0294843450023362,9.829510697057864e-05,9.984253014088351e-05,-4.000684417579674,0.0133639385628543,876.0,True,provided_label,2.1256089052163394,5.9063408181818176,4.0971628419334705,0.05512321101440506,27.855021666667014,99
Batch3,16,1638.0,4.8C(80%)-4.8C-newstructure,1637,1.0615807,1.063479291,0.000763704131337,0.0020055000000001,-7.647130513050325e-06,1.0017884565911943,0.0018891639608746,-7.203531971756776e-06,0.0153126160699999,3.6615021291636214e-05,-0.0001345849999999,-5.252460066006057e-07,34.940582146689,37.831863057962785,31.981446418359923,5.850416639602854,11.040743116666665,0.0040970517146638,1629.0,4.8,4.8,80.0,9,99,-0.0053233023549801,0.0044951402897261,-0.0134519956396188,0.004570254303445,2.020628622431914e-05,-4.6945134779799575,0.0056527599490907,1638.0,True,provided_label,2.1424308317286433,4.3652620909090905,3.7573850863407703,0.0,27.17808500000004,99
Batch3,17,1315.0,5.3C(54%)-4C-newstructure,1314,1.0671474,1.06703041,0.0013952882873254,0.0011503999999999,-4.626375037500305e-06,0.9998903712832922,0.0010780141524966,-4.335272744418315e-06,0.0154448375099999,0.0003256222015549,-0.0002063959999999,-1.7159385838582257e-06,35.0701249907806,37.39966894768936,32.45378993939039,4.9458790082989745,10.042114583333325,0.0023174435315175,1306.0,5.3,4.0,54.0,9,99,-0.0072362168298251,0.0060275866193562,-0.0178823915504138,0.0067179386590724,3.633180045384266e-05,-4.439713067811194,0.0077288199909553,1315.0,True,provided_label,2.2617394027392796,5.306448545454545,4.1799583476243924,0.23871023101530217,25.758081666666357,99
Batch3,18,1146.0,5.6C(19%)-4.6C-newstructure,1145,1.0685793,1.068854892,0.0009522239721129,-0.0004657000000001,-2.7572690069006203e-05,1.0002579050520632,-0.0004358122976929,-2.580312950943253e-05,0.01501670906,2.722993682792767e-05,-7.303300000000013e-05,1.1682471047110508e-07,35.2895491601317,37.9685961949252,32.392387949883634,5.576208245041565,10.04312064999998,0.0007067680226882,1137.0,5.6,4.6,19.0,9,99,-0.0103422572436678,0.0074640407092262,-0.0234557699816599,-9.146801283102696e-05,5.571190370898626e-05,-4.254051993390104,0.0103422572436678,1146.0,True,provided_label,2.2001801399802967,5.602666636363636,4.1284851956852044,0.0750654258984217,26.592846666666443,99
Batch3,19,1155.0,5.6C(36%)-4.3C-newstructure,1154,1.0726638,1.072699883,0.0009511302826409,0.0002288000000001,-2.756528232823607e-05,1.000033638685299,0.0002133007564907,-2.56979701638403e-05,0.0154649055099999,4.29293957940514e-05,-9.142000000000004e-05,1.2386351635151734e-07,35.096922678438716,37.8743819389224,32.12025395060832,5.754127988314079,10.04319876666662,0.0008591409727078,1146.0,5.6,4.3,36.0,9,99,-0.01154547966315,0.0082040644348523,-0.0252936577042025,5.381143367196202e-06,6.730667325120848e-05,-4.17194186821657,0.0115456309997419,1155.0,True,provided_label,2.1619450519412644,5.602070181818181,4.1577937490913275,0.14145586619624592,27.166553333333283,99
Batch3,20,813.0,5C(67%)-4C-newstructure,812,1.065752,1.067413169,0.000663070633941,0.0026630999999999,-4.759657365730774e-06,1.0015586825077505,0.0024987989701168,-4.46600838255589e-06,0.0152651037,4.2404835709926496e-05,-0.0001079779999999,3.345280768077441e-07,33.10117160343903,35.73575315343805,30.85142678063726,4.884326372800786,10.043364750000022,0.0014585139257697,804.0,5.0,4.0,67.0,9,99,-0.0119193833873199,0.0092646209061533,-0.0280719935724769,-2.8411211548175675e-05,8.583320053473407e-05,-4.066344688209812,0.0119193833873199,813.0,True,provided_label,2.1491689728288046,5.00771609090909,4.099564125843512,0.29141274362745495,27.43695499999982,99
Batch3,21,772.0,3.7C(31%)-5.9C-newstructure,771,1.0680218,1.0620371939999995,0.0046125703113924,-0.0140469999999999,-0.0001582595187518,0.9943965507071112,-0.0131523532572087,-0.0001481800453435,0.01409146368,6.536000789147243e-05,0.0002395569999999,2.062780450045042e-06,34.89763562513402,37.91789788915317,32.05628432802865,5.861613561124516,10.07912276666667,0.0132349650573421,763.0,3.7,5.9,31.0,9,99,-0.0235387042230519,0.0140551879384417,-0.0432761485780055,5.415349908882445e-05,0.0001975483079849,-3.7043266835308097,0.0235446764403337,772.0,True,provided_label,2.2442503569843524,5.902203636363636,4.321546230857373,0.19379409572793113,25.945733333332953,99
Batch3,22,1002.0,5.9C(60%)-3.1C-newstructure,1001,1.0569252,1.0581246559999995,0.0007339927314092,0.0017764,-1.371579717971506e-05,1.0011348541978184,0.0016807244259101,-1.2977074612007658e-05,0.01568802504,4.8964133801670245e-05,-0.0001896639999999,-4.099309210920354e-07,34.60869711791826,37.530657648574746,31.639525110491633,5.891132538083118,10.042560166666604,0.0025096069677149,993.0,5.9,3.1,60.0,9,99,-0.0137225505163629,0.0094752090704704,-0.02840932971863,-5.900042832567676e-05,8.977958692912617e-05,-4.046822392257125,0.0137225505163629,1002.0,True,provided_label,2.2194528547658563,5.9028209090909085,4.4552794212510065,0.23254642730250674,26.092223333333095,99
Batch3,23,,4.8C(80%)-4.8C-newstructure,2189,1.0665785,1.0680805560000002,0.000669361458168,0.0018780999999998,-3.3517503750308476e-06,1.001408293904293,0.0017608642964395,-3.1425257259862733e-06,0.01526244305,3.1254020374072325e-05,-8.091199999999896e-05,-2.0138519651967734e-07,34.92795337287084,38.20120274723386,31.78762901715272,6.413573730081137,11.038356266666655,0.0037147523427106,515.0,4.8,4.8,80.0,9,99,-0.0068086586843723,0.0053469364566256,-0.0156083197208289,0.0052907844392452,2.8589729471192788e-05,-4.543789938920621,0.0071009247205114,,False,missing_target,2.101440365516748,4.366971818181818,3.7237628008066754,0.0,28.0977800000003,99
Batch3,24,825.0,5C(67%)-4C-newstructure,824,1.0472243,1.050388327,0.0009017918662705,0.0049308999999999,1.2505387938794612e-05,1.0030213460478332,0.0047085423819901,1.1941460811018089e-05,0.01555621234,4.994613690630177e-05,-0.000170853,-1.9274345034500535e-07,34.68692543774402,37.23479966727514,32.08889435317624,5.145905314098911,10.041844149999976,0.0007934569159063,816.0,5.0,4.0,67.0,9,99,-0.010345482795288,0.0083632003814433,-0.0247723986145858,-8.601278481263643e-05,6.994312062017459e-05,-4.155254988667282,0.010345482795288,825.0,True,provided_label,2.2199274234137865,5.004837727272727,4.149306251315188,0.3055796561919965,26.163440000000023,99
Batch3,25,989.0,5.3C(54%)-4C-newstructure,988,1.061978,1.064775079,0.000843799331702,0.0042864,9.56177197719534e-06,1.0026338389307496,0.0040362418053858,9.003738285726469e-06,0.015643412,3.740454303121134e-05,-9.514199999999944e-05,3.849653525354234e-07,35.58083474119666,38.88370920104618,32.23579033926356,6.647918861782618,10.042412550000016,0.0019240574886349,980.0,5.3,4.0,54.0,9,99,-0.0109258216461676,0.0084473332510982,-0.0265762492097603,-9.83920753643615e-05,7.135743905511085e-05,-4.146560738647088,0.0109258216461676,989.0,True,provided_label,2.1768438546899396,5.302567909090908,4.148203767585505,0.2276371976411472,27.014180000000728,99
Batch3,26,1028.0,5.6C(19%)-4.6C-newstructure,1027,1.0725763,1.075070867,0.0007352192162686,0.0034657,2.045081908196721e-06,1.002325771136282,0.0032311920373404,1.9067006311718195e-06,0.0155948014799999,3.345003810101263e-05,-6.544900000000214e-05,2.332370597061299e-07,35.744145079440855,39.13868450818955,32.32431359464034,6.814370913549221,10.04228274999997,0.0008331983855755,1019.0,5.6,4.6,19.0,9,99,-0.0101395927834648,0.0077668745952744,-0.0241791392678879,5.3156508515146174e-05,6.032434097872005e-05,-4.21950740670172,0.0101487083470511,1028.0,True,provided_label,2.1534754952150035,5.604442272727272,4.078452916333584,0.07235974842191008,27.58425500000012,99
Batch3,27,850.0,5.6C(36%)-4.3C-newstructure,849,1.0613309,1.063664561,0.0007818364330597,0.0034985,-1.2718469846989055e-06,1.0021988062347005,0.0032963329344316,-1.1983510370812696e-06,0.01492139064,4.143444190660114e-05,-0.000140546,1.656891209120316e-07,35.30704053711157,38.44326739483011,32.16880800912374,6.274459385706378,10.04501170000002,0.0006613059291518,841.0,5.6,4.3,36.0,9,99,-0.0107099108732285,0.008608626082068,-0.0266002908070785,0.0001625305771797,7.410844302086189e-05,-4.130132305074182,0.0107541384013529,850.0,True,provided_label,2.189923342807066,5.601536181818182,4.150536997238307,0.14317245025574177,26.8481733333334,99
Batch3,28,541.0,3.7C(31%)-5.9C-newstructure,540,1.0522791,1.044589539,0.0057185897402199,-0.0172646,-0.0001961512589258,0.992692470087071,-0.0164068639204182,-0.0001864061149992,0.01341840246,0.0001226481665948,0.0004326929999999,4.132995535553638e-06,35.69503585363536,39.55881069772407,32.29233297827839,7.266477719445669,10.088379333333394,0.025939615762058,532.0,3.7,5.9,31.0,9,99,-0.0302561192147094,0.0188005716012224,-0.0578311205506406,3.0258096297149095e-05,0.0003534614925326,-3.4516578917883116,0.0302595764323368,541.0,True,provided_label,2.2176705016120244,5.9031816363636365,4.345533852906038,0.1927948895923266,26.127335000000308,99
Batch3,29,858.0,5.9C(15%)-4.6C-newstructure,857,1.067315,1.070447271,0.0009623677010263,0.0044345000000001,7.104940294029647e-06,1.002934720302816,0.0041548183994416,6.656835417876942e-06,0.01482580993,4.54730084571779e-05,-0.00019567,-1.1986352655264578e-06,31.26277010223316,31.681289998175465,30.833177453100657,0.8481125450748057,10.0419695333333,0.0017722465575642,849.0,5.9,4.6,15.0,9,99,-0.0113005751485532,0.009294198633809,-0.0289214751611649,0.0002434664412601,8.638212824469724e-05,-4.063576095173612,0.0113773183952448,858.0,True,provided_label,2.106258999886615,5.903965363636363,4.097933890885367,0.054618778631920356,28.107525000000408,99
Batch3,30,935.0,5.3C(54%)-4C-newstructure,934,1.0696324,1.071663629,0.0007045625970706,0.0035351000000001,-8.020468046711214e-07,1.0018989972629848,0.0033049672018163,-7.498340595114285e-07,0.01557456206,4.281343020095582e-05,-0.000142589,-6.04080408041048e-09,32.242770445878016,33.955655894480245,30.733759785001222,3.2218961094790193,10.04344528333331,0.0016995469300347,926.0,5.3,4.0,54.0,9,99,-0.0111375708993828,0.0089101953675613,-0.0267371697557434,6.694454111319092e-05,7.939158148811134e-05,-4.100225541310371,0.0111532808771506,935.0,True,provided_label,2.16504351991522,5.303632545454545,4.127327095070549,0.2248641637582145,27.35186833333331,99
Batch3,31,731.0,5.9C(60%)-3.1C-newstructure,730,1.0689309,1.070766659,0.0007243807220821,0.0023180999999998,-6.77013681368011e-06,1.001717378550849,0.0021686153894512,-6.333558898589405e-06,0.01587661182,4.718449611518623e-05,-5.559399999999909e-05,8.075487908790957e-07,33.99934624579011,36.77289772500682,31.31311219028895,5.45978553471787,10.04570423333328,0.0022348631050879,722.0,5.9,3.1,60.0,9,99,-0.0163505485614894,0.012028140357527,-0.0356194097392656,8.180347755336339e-05,0.0001446761604603,-3.839603022433877,0.0163581992464132,731.0,True,provided_label,2.1309600016722543,5.900702,4.377495651608952,0.21860121536053623,27.767343333333457,99
Batch3,32,,4.8C(80%)-4.8C-newstructure,2237,1.073159,1.074301613,0.0006351197234873,0.0018308,-8.772772277223511e-06,1.0010647192074986,0.0017059913768604,-8.174718077392837e-06,0.0153743322599999,5.617691799202971e-05,-0.0002238459999999,-1.4931860906088832e-06,35.43328136368462,38.119828240013966,32.22829123045775,5.891537009556216,11.039470466666693,0.0046392167009029,621.0,4.8,4.8,80.0,9,99,-0.0032569008987653,0.0046059966094633,-0.0101214004162617,0.013679013186735,2.1215204766387927e-05,-4.673352751652564,0.0046387790730098,,False,missing_target,2.1396545898009918,4.369167,3.7378089342984055,0.0,27.419799999999913,99
Batch3,33,1284.0,5C(67%)-4C-newstructure,1283,1.0607876,1.0621317549999998,0.0006587168442387,0.0015046,-1.058695769576837e-05,1.0012671292537734,0.0014183800791035,-9.980280402752976e-06,0.01534347393,4.587135413641262e-05,-0.0002512599999999,-4.465380798080311e-07,33.10620851106884,34.28531457281655,31.678715661109116,2.606598911707432,10.043266033333351,0.0005802689969839,1275.0,5.0,4.0,67.0,9,99,-0.0078486783617875,0.0063394390901854,-0.0198859256479102,0.000110279790711,4.0188487978171294e-05,-4.39589832226725,0.0078731783055266,1284.0,True,provided_label,2.237039653328076,5.005406454545454,4.1565925051591845,0.30842044604789615,25.923151666666186,99
Batch3,34,1158.0,5.3C(54%)-4C-newstructure,1157,1.0620755,1.06321586,0.000844247924355,0.0013186,-1.873824302429169e-05,1.0010737089783164,0.0012415313223965,-1.7643042348968625e-05,0.01530397606,3.988265988181943e-05,-0.0001367769999999,1.065499069907812e-07,35.77751733452584,38.986137122300555,32.2382347306484,6.747902391652158,10.043544616666672,0.0023759437117539,1149.0,5.3,4.0,54.0,9,99,-0.0095520055677729,0.0070334798516972,-0.0215098927699143,3.2994643437143575e-05,4.946983882423062e-05,-4.3056594958126,0.0095539995596086,1158.0,True,provided_label,2.2282243481653667,5.302547090909091,4.194733008726625,0.23610131148768854,26.04739166666744,99
Batch3,35,1093.0,5.6C(19%)-4.6C-newstructure,1092,1.0637906,1.064480499,0.0007108903719337,0.0006177999999998,-1.7831580558054714e-05,1.0006485289492124,0.0005807533926318,-1.676230318077848e-05,0.0153756603599999,3.434762262648342e-05,-8.869199999999959e-05,-6.512825682556061e-08,35.53070785023565,38.53573773732641,32.23847901338159,6.297258723944813,10.04359398333331,0.0004575364603199,1084.0,5.6,4.6,19.0,9,99,-0.009826425701495,0.0076308137772073,-0.0230280751526336,9.043865599416e-05,5.8229318902417414e-05,-4.234858282266217,0.0098376414741795,1093.0,True,provided_label,2.2267986782137834,5.606529909090908,4.149924505641742,0.07650718596126145,26.09066000000021,99
Batch3,36,923.0,5.6C(36%)-4.3C-newstructure,922,1.0580546,1.0593433760000002,0.0008728669517044,0.0003906,-2.013880468046539e-05,1.001218061903422,0.0003691680939716,-1.9033804758715432e-05,0.01513591896,3.859563451865216e-05,-0.000103577,-8.864157215718912e-08,35.87707905775121,39.385265734517226,32.17450141174643,7.210764322770799,10.043492250000025,0.0005007281104356,914.0,5.6,4.3,36.0,9,99,-0.0099083574699246,0.0074691475641619,-0.0229818135179924,0.0001576289456491,5.5788165335225655e-05,-4.253457912896502,0.0099516775845418,923.0,True,provided_label,2.2295753918153953,5.604119727272727,4.206399590444642,0.14818818752947086,25.934343333332798,99
Batch3,37,1390.0,4.8C(80%)-4.8C-newstructure,1389,1.0479383,1.049437267,0.0018968216036761,-0.0005425000000001,-1.6914785478524072e-06,1.0014303962361142,-0.0005176831498572,-1.614101276618681e-06,0.01471833276,0.0003007786789434,-0.000180476,5.803857425741398e-07,35.01566783438418,37.821866391239226,31.97246313803953,5.849403253199699,11.038440433333296,0.0004721013285414,590.0,4.8,4.8,80.0,9,99,-0.0010767977663257,0.0028220978982253,-0.0084398229887185,0.0132404207049293,7.96423654716803e-06,-5.098855794866915,0.0021765420090845,1390.0,True,provided_label,2.1888693324832715,4.3727458181818175,3.8038212378501584,0.0,26.168228333332806,99
Batch3,38,1935.0,5C(67%)-4C-newstructure,1934,1.0708532,1.071954521,0.000537721890736,0.0019097999999999,-6.849511551149624e-06,1.0010284518923789,0.00178343772984,-6.396312352763795e-06,0.01583763829,4.215421011392774e-05,-0.000137668,-3.303816801680558e-07,34.743831508087126,37.73701176388907,31.5095396250924,6.227472138796674,10.043712449999964,0.0011459436452619,1926.0,5.0,4.0,67.0,9,99,-0.0086930833729754,0.0067448683625571,-0.0201470057216749,0.002919863667119,4.5493249228224246e-05,-4.342053034245935,0.008911695339998,1935.0,True,provided_label,2.2193162902407204,5.002805545454545,4.12891522565044,0.3033061956624629,26.361264999999545,99
Batch3,39,1156.0,5.3C(54%)-4C-newstructure,1155,1.048004,1.050541451,0.0008788248672931,0.0030807000000001,-3.9164386438591675e-06,1.0024212226289213,0.0029395880168396,-3.7370455111427822e-06,0.01556493222,4.749094262536883e-05,-0.000154944,-5.92917491748602e-08,33.88624079961266,36.07485440375697,31.39552473043584,4.679329673321134,10.043103450000004,0.0028609139704149,1147.0,5.3,4.0,54.0,9,99,-0.0064284385895605,0.0059249196039001,-0.0174579176948327,0.0056977073419029,3.510467231268054e-05,-4.454635064194904,0.0067695798651406,1156.0,True,provided_label,2.2927483178570767,5.303379363636363,4.233829631711572,0.24577974680813852,25.020023333333178,99
Batch3,40,796.0,5.6C(19%)-4.6C-newstructure,795,1.0598956,1.062950962,0.0009449537959716,0.0036006000000001,-4.58688268826116e-06,1.0028827008999757,0.0033971270377951,-4.327674054191686e-06,0.01539237993,6.7812372836692e-05,-0.0002261899999999,-2.153816771677088e-06,34.05078155019701,37.52384046715492,30.9393874590839,6.584453008071016,10.043767949999994,0.0014285824061384,787.0,5.6,4.6,19.0,9,99,-0.0090788614789257,0.0071194404627908,-0.0220537944821722,7.870441953502887e-05,5.068643250322407e-05,-4.295108266369061,0.0090971827351251,796.0,True,provided_label,2.140788127943775,5.604490818181818,4.109642767324677,0.07274956668744705,27.445218333333713,99
Batch3,41,786.0,5.6C(36%)-4.3C-newstructure,785,1.0514336,1.0543223270000002,0.0008579445558897,0.0049605999999999,1.252137233724635e-05,1.0027474174308295,0.0047179393924636,1.19088569523012e-05,0.01830944555,0.0001471394969653,-0.000183716,-9.52224560455962e-07,33.639374640057895,36.627600886306475,30.82468164815798,5.802919238148498,10.043166433333276,0.0007456758254489,777.0,5.6,4.3,36.0,9,99,-0.0097480505250246,0.0077668570971993,-0.0241929936990986,2.005198008902913e-05,6.03240691683163e-05,-4.219509363557288,0.0097503793892449,786.0,True,provided_label,2.2472911943285263,5.603478181818182,4.179252950157473,0.14819871605690313,25.932613333333087,99
Batch3,42,1642.0,4.8C(80%)-4.8C-newstructure,1641,1.0676856,1.069482281,0.000605043012695,0.0032517999999999,4.018626462652609e-06,1.0016827809609872,0.003045653139838,3.7638668748959897e-06,0.01613480678,0.0001653747701753,-0.0006148869999999,-4.920285556555594e-06,33.02954632330684,35.567796863982466,30.69298085401192,4.8748160099705595,11.038488366666636,0.0013708164594473,1633.0,4.8,4.8,80.0,9,99,0.0007845194706261,0.0067127837608954,-0.0056097890463586,0.0217020984664725,4.5061465820542114e-05,-4.346194675424015,0.0040104368754215,1642.0,True,provided_label,2.0732888400650302,4.366323272727272,3.7118048184788286,0.0,28.524658333333107,99
Batch3,43,1046.0,5C(67%)-4C-newstructure,1045,1.0708117,1.0728472510000002,0.000597972364061,0.0032516999999998,5.159178517857489e-06,1.0019009420610554,0.003036668351681,4.818007234935372e-06,0.0158306738,0.0001409436656395,-0.0003471009999999,-3.072954359435992e-06,33.891919511346536,36.95027454276166,30.877896678076795,6.072377864684864,10.04364709999994,0.0005083482980639,1037.0,5.0,4.0,67.0,9,99,-0.0032660569334268,0.00694426027338,-0.0129763989917587,0.0163622910624229,4.822275074444368e-05,-4.316748011019335,0.0060270343418984,1046.0,True,provided_label,2.1399404272127076,5.004307181818182,4.083113820736582,0.2886371495837046,27.69976166666699,99
Batch3,44,940.0,5.3C(54%)-4C-newstructure,939,1.0703323,1.073270589,0.0008308499862037,0.0042910999999998,7.330688868883244e-06,1.0027452119309117,0.0040091287537522,6.84898406681087e-06,0.01557422266,4.1479403895422445e-05,-0.000127182,-1.356860726071858e-07,33.350873108759004,36.33391749012359,30.638239769716765,5.695677720406823,10.043223416666626,0.0017903011455124,931.0,5.3,4.0,54.0,9,99,-0.0112310610964919,0.0085951258261294,-0.0259851318875047,-5.684970389612063e-05,7.387618796699746e-05,-4.131495516497815,0.0112310610964919,940.0,True,provided_label,2.14247317711228,5.303382909090909,4.121909433565799,0.2220916109718155,27.690315000000798,99
Batch3,45,1801.0,4.8C(80%)-4.8C-newstructure,1800,1.0701143,1.071439217,0.0005292018442242,0.0023233,1.4605010501077015e-06,1.0012381079292183,0.0021710764915485,1.3648084602865945e-06,0.01562028664,3.839632960349986e-05,-0.0001156379999999,-2.077549234923298e-07,32.724855320443154,34.68002467582143,30.852097606265037,3.8279270695563974,11.03858153333335,0.0035896660405591,1792.0,4.8,4.8,80.0,9,99,-0.0071317524619861,0.0054900285092115,-0.0164779607403006,-5.285843256575478e-05,3.014041303195534e-05,-4.5208507861767115,0.0071317524619861,1801.0,True,provided_label,2.08657245583282,4.367908090909091,3.7271156236451155,0.0,28.183178333333732,99
